text,true_label,predicted,confidence,text_length,length_bin,confidence_bin,error_type
"BOOM! Trump Drains Obama Swamp…Mandates All Ambassadors Vacate Positions “Without Exceptions” By Inauguration Day President-elect Donald J. Trump s transition staff has issued a blanket edict requiring politically appointed ambassadors to leave their overseas posts by Inauguration Day, according to several American diplomats familiar with the plan, breaking with decades of precedent by declining to provide even the briefest of grace periods.The mandate   issued  without exceptions,  according to a terse State Department cable sent on Dec. 23, diplomats who saw it said   threatens to leave the United States without Senate-confirmed envoys for months in critical nations like Germany, Canada and Britain. In the past, administrations of both parties have often granted extensions on a case-by-case basis to allow a handful of ambassadors, particularly those with school-age children, to remain in place for weeks or months.Mr. Trump, by contrast, has taken a hard line against leaving any of President Obama s political appointees in place as he prepares to take office on Jan. 20 with a mission of dismantling many of his predecessor s signature foreign and domestic policy achievements.  Political  ambassadors, many of them major donors who are nominated by virtue of close ties with the president, almost always leave at the end of his term; ambassadors who are career diplomats often remain in their posts.A senior Trump transition official said there was no ill will in the move, describing it as a simple matter of ensuring that Mr. Obama s overseas appointees leave the government on schedule, just as thousands of political aides at the White House and in federal agencies must do. The official, who spoke on the condition of anonymity about internal deliberations, said the ambassadors should not be surprised about being held to a hard end date.   NYT s",1,0,0.2544946923779573,1870,long (500-2K),uncertain (<0.4),False Negative (Fake->Real)
"Factbox: Compare and contrast - Trump's tweets vs private comments to CEOs WASHINGTON (Reuters) - U.S. President Donald Trump has gone on Twitter to lambaste a number of companies for cost over-runs, or high prices, or foreign manufacturing. But Reuters interviews with executives and lobbyists who met with him at the White House reveal a Trump who is very different from his uncompromising and demanding @realDonaldTrump Twitter handle. Here are some of the examples to illustrate the difference in tone: What he tweeted about automakers: Jan. 3 - General Motors is sending Mexican made model of Chevy Cruze to U.S. car dealers-tax free across border. Make in U.S.A. or pay big border tax! Jan. 5 - Toyota Motor said will build a new plant in Baja, Mexico, to build Corolla cars for U.S. NO WAY! Build plant in U.S. or pay big border tax. What he told automakers at Jan. 24 White House meeting: “We’re reducing taxes very substantially and we’re reducing unnecessary regulations. We are going to make the process much more simple for the auto companies and for everybody else that wants to do business in the United States.” What he tweeted about manufacturers: Dec. 2 - Rexnord of Indiana is moving to Mexico and rather viciously firing all of its 300 workers. This is happening all over our country. No more! Dec 6 -  Boeing is building a brand new 747 Air Force One for future presidents, but costs are out of control, more than $4 billion. Cancel order! Dec. 12 - Lockheed Martin: The F-35 program and cost is out of control. Billions of dollars can and will be saved on military (and other) purchases after January 20th. What he told manufacturers at Jan. 23 White House meeting: “We’re going to be cutting regulation massively ... The problem with the regulation that we have right now is that you can’t do anything.” What he tweeted about drugmakers: March 7 - I am working on a new system where there will be competition in the Drug Industry. Pricing for the American people will come way down! What he told drugmakers on Jan. 31 White House meeting “We’re also gonna be streamlining the process, so that, from your standpoint, when you have a drug, you can actually get it approved if it works, instead of waiting for many, many years.” ",0,1,0.9929042994645785,2248,very long (2K+),confident (0.8+),False Positive (Real->Fake)
"REPORT: PRESIDENT TRUMP Is “Odds-On Favorite To Win Re-election” In 2020 Liberal heads explode in 5 4 3 2 1President Trump could win the White House again in 2020   which likely would send hostile political operatives and the disapproving news media into an epic meltdown. News flash: Get ready. Mr. Trump will likely win re-election, says one analyst.  President Trump did not ascend to the White House in the usual way; he broke with traditional campaign orthodoxy and tactics,  Ford O Connell, a political analyst and adjunct professor at the George Washington University Graduate School of Political Management, tells Inside the Beltway. While Trump s first six months in the White House have been marked by early stumbles, a healthy dose of palace intrigue and low approval numbers, history says Trump is in fact the odds-on favorite to win re-election in 2020, should he choose to run. Why? Because presidential incumbency has its privileges. Since 1900, 20 presidents have sought re-election. Of those, 15 won and five lost   that is, if you include Gerald Ford, who was never elected in the first place. Adds Mr. O Connell,  So how does President Trump avoid becoming the sixth president to be fired by the people in the last 120 years? Barring some unforeseen calamity or Dwayne  The Rock  Johnson becoming the Democratic presidential nominee, the fate of Trump s presidency will live and die with the state of the economy in the fall of 2020. To ensure that the electoral winds are favorable to Trump, his administration must deliver results by passing tax reform before the 2018 midterms, showing significant progress on other key campaign promises: securing America s borders, infrastructure, trade, conservative judicial appointees. He must also continue to instill in working-class voters in both the Rust Belt (Ohio, Pennsylvania, Iowa, Michigan, Wisconsin) and Sun Belt (Florida, North Carolina, Arizona) battleground states the belief that he is tirelessly fighting for them. If Trump does that, voters will forgive his impetuous ways and rehire him,  the professor concludes.For entire story: Washington Times ",1,0,0.3336107256973058,2128,very long (2K+),uncertain (<0.4),False Negative (Fake->Real)
"BREAKING: OBAMA-APPOINTED JUDGE ORDERS Vote Recount To Begin At Noon On Monday A federal judge has ordered Michigan election officials to begin a massive hand recount of 4.8 million ballots cast in the presidential election at noon Monday.U.S. District Judge Mark Goldsmith issued a ruling just after midnight Monday in favor of Green Party presidential candidate Jill Stein, who sought to let election officials bypass a two-business-day waiting period that would have delayed start of the recount until Wednesday morning.The manual recount process was scheduled to begin Wednesday as specified by state law, and in a rare Sunday hearing in federal court, Goldsmith questioned the harm posed by waiting.Stein s lawyer Mark Brewer argued the case was aimed at ensuring the integrity of Michigan s voting system and that the required waiting period violated Stein s rights to due process and equal protection. He pushed for the recount of 4.8 million ballots to start immediately, which he said would be Monday morning. There are questions raised throughout the country about the integrity of the election system,  Brewer told the judge in front of a courtroom filled with about two dozen people, including state Republican Party Chair Ronna Romney McDaniel.  It s not just rhetoric. The hearing ended Sunday afternoon, with a staffer for the judge saying Goldsmith would issue a written opinion but he did not give a timeline.The deadline to finalize the vote total for the Electoral College is Dec. 13. Chris Thomas, the state elections director, testified Sunday that he could not guarantee that the recount could be finished by that deadline, calling the task  doable but difficult.  Brewer called it  highly doubtful  that the state could finish by the deadline, and asserted the recount needed to start immediately.Read more: Detroit News",1,0,0.10366450967035787,1843,long (500-2K),uncertain (<0.4),False Negative (Fake->Real)
"Waiting for green cards, Indian visa-holders see hope in Trump review SAN FRANCISCO (Reuters) - When Gokul Gunasekaran was offered a full scholarship for a graduate program in electrical engineering at Stanford University, he saw it as the chance of a lifetime. He had grown up in Chennai, India, and had a solid job offer with a large oil company after getting his undergraduate degree. He came to America instead, got the Stanford degree and now works as an engineer at a data science startup in Silicon Valley. But for the past five years, he has been waiting for a green card that would give him full legal rights as a permanent resident. In the meantime, he is in a holding pattern on an H1-B visa, which permits him to live and work in the United States but does not allow him easily to switch jobs or start his own company. “It was a no-brainer when I came to this country, but now I’m kind of regretting taking that scholarship,” said Gunasekaran, 29, who is also vice president with a non-profit group called Immigration Voice that represents immigrants waiting for green cards.  Immigration Voice estimates there are some 1.5 million H1-B visa holders in the country waiting for green cards, many of whom are from India and have been waiting for more than a decade. Many of these immigrants welcomed President Donald Trump’s executive order this week to the federal departments overseeing the program to review it, a move that may lead to H1-B visas being awarded to the highest-paying, highest-skilled jobs rather than through a random lottery. Their hope is that merit-based H1-Bs might then lead to merit-based green cards. “I think less random is great,” said Guru Hariharan, the CEO and founder of Boomerang Commerce, an e-commerce startup. Hariharan, who was previously an executive at Amazon.com Inc and eBay Inc, spent 10 years waiting for his green card and started his own company as soon as he got it. Green cards can be a path to naturalization and Hariharan expects to become a U.S. citizen soon. H1-B visas are aimed at foreign nationals in occupations that generally require specialized knowledge, such as science, engineering or computer programming. The U.S. government uses a lottery to award 65,000 such visas yearly and randomly distributes another 20,000 to graduate student workers. The H1-B and the green card system are technically separate, but many immigrants from India see them as intimately connected. The number of green cards that can go to people born in each country is capped at a few percent of the total, without regard to how large or small the country’s population is. There is a big backlog of Indian-born people in the line, given the size of India’s population - 1.3 billion - and the number of its natives in the United States waiting for green cards. That leaves many of those immigrants stuck on H1-B visas while they wait, which they say makes them almost like “indentured servants,” said Gaurav Mehta, an H1-B holder who works in the financial industry.  Mehta has a U.S.-born son, but he could be forced to take his family back to India at any time if he loses his job and cannot find another quickly. “He’s never been to my country,” Mehta said of his son. “But we’ll have no choice if we have to go. Nobody likes to live in constant fear.”  The H1-B visa is tied to a specific employer, who must apply for the visa and sponsor the employee for a specific job laid out in the visa application. To switch employers, the visa holder must secure their paperwork from their current employer and find another employer willing to take over their visa. Some H1-B holders suspect that employers purposely seek out Indian immigrants because they know they will end up waiting for green cards and will be afraid to leave their employers. But changing the green card system away from country caps to a merit-based system would require an act of Congress. Some  executives also worry that allocating H1-Bs and green cards based on salary - while it would be done to counter the argument that immigrants undercut American workers - would hurt startups that cannot afford high wages. In the meantime, H1-B holders like Nitin Pachisia, founding partner of a venture capital firm called Unshackled Ventures, are taking more practical measures. His firm specializes in taking care of the legal paperwork so that H1-B holders can start their own companies, a process that is possible but tricky. Pachisia is hopeful that changes to the H1-B visa program could revive interest in making the entire system, from H1-B visas to green cards and eventual citizenship, more merit-based and focused on immigrants who are likely to start companies and create jobs. “If the purpose of our high-skilled immigration program is to bring in the most talented people, let’s use that as a lens. From that perspective, it’s a good thing we can focus on the most talented, and I’d say most entrepreneurial, people,” he said. (This version of the story has been refiled to add missing word “startup” in paragraph two) ",0,1,0.5856366480779328,5039,very long (2K+),borderline (0.4-0.6),False Positive (Real->Fake)
"Factbox: Who will Trump pick to lead the Federal Reserve? (Reuters) - U.S. President Donald Trump has interviewed several top prospects for the post of Chair of the Federal Reserve. A nomination could come within weeks as the term of current Chair Janet Yellen ends in February 2018. Yellen will meet with Trump about the job on Thursday. (For a graphic on the next chair of the Federal Reserve, click tmsnrt.rs/2yqJh2I) He faces a choice between two continuity candidates, Yellen and Governor Jerome Powell, and a clutch of outsiders, including Gary Cohn, currently his top economic advisor, former Fed Governor Kevin Warsh, and Stanford University economics professor John Taylor. Here are short profiles of the candidates: Gary Cohn, 57, Director of the National Economic Council Experience: Longtime Goldman Sachs employee and president and chief operating officer of the Wall Street bank from 2006 to 2017. Education: Bachelor’s degree in business, American University Policy positions: Cohn’s current job as director of the NEC has given him little reason to comment on monetary policy, but  he has worried in the past that the Fed has been “constrained” by the actions of other central banks trying to keep their currencies weak. In his own words: “If we woke up tomorrow and every central bank in the world raised their interest rates by (3 percent), the world would be a much better place.” Pros to candidacy:   A practitioner’s understanding of financial markets at a time the Fed is attempting to unwind its bond portfolio bought after the 2008 financial crisis  The trust of the White House and many congressional Republicans given Cohn’s high-profile role in the Trump administration Cons to candidacy:   No formal economics background at a time when the Fed leans ever more on econometric models to decipher mixed signals in inflation and employment data  A decades-long career at Goldman Sachs and a personal fortune worth at least $260 million, which could raise eyebrows when it comes to confirmation by the Senate, where members on both sides see the investment bank as a symbol of financial industry excess  Criticism of Trump in the wake of Charlottesville, Virginia, protests Jerome Powell, 64, Federal Reserve Governor Experience: Lawyer and investment banker; partner in private equity firm Carlyle Group from 1997-2005; Senior Treasury official under George H.W. Bush; Fed Governor since 2012 (appointed by President Obama) Education: Bachelor’s degree in politics, Princeton University; Law degree from Georgetown University Policy positions: Powell has never dissented while at the Fed, and in line with Yellen supports slowly raising interest rates as long as the economy continues growing and inflation is expected to rise. He advocates easing some aspects of the Dodd-Frank regulations and has discussed ways to revise the Volcker Rule. In his own words: “The Committee has been patient in raising rates, and that patience has paid dividends ... I would view it as appropriate to continue to gradually raise rates.” Pros to candidacy:   An uncontroversial pick for the position, could be the compromise who both replaces Yellen and provides continuity  Only Republican currently on the Board of Governors, has already helped guide the economy in its recovery and would likely get bipartisan support in Congress   Familiarity with markets and financial regulation may be considered a plus Cons to candidacy:   As a current Fed member identified with the more centrist wing of the Republican Party, may not provide enough of a change if Trump decides to replace Yellen   Expertise is less in formal economics and more in markets and financial regulation, which may seem too much of an overlap with the new vice chair for supervision, Randal Quarles John Taylor, 70, Senior fellow at Stanford University’s Hoover Institution Experience: Undersecretary of Treasury for international affairs in the George W. Bush administration from 2001 to 2005; member of Council of Economic Advisers under presidents Jimmy Carter and George H. W. Bush Education: PhD in economics, Stanford University Policy positions: Developer of the eponymous “Taylor Rule” for setting interest rates, Taylor feels the Fed should transition to a rules-based policy in order to make its decision-making “predictable-transparent-accountable.” In his own words: “It is very important to have a basic understanding of the monetary policy strategy. The FOMC should be required to adopt and explain its monetary strategy, and then compare that strategy with monetary policy rules that are out there in a transparent way.” Pros to candidacy:   A trained economist whose elegantly simple research in the 1990s transformed the debate over how central banks set rates  Support among key Capitol Hill Republicans who feel the Fed has too much discretion  Well known in central banking circles, even if his ideas are not universally supported Cons to candidacy:  A long-term member of the central banking and academic cliques Trump may want to disrupt  Advocacy of rule-based policy may land with a thud in an institution that thrives on consensus and judgment  Break with Yellen and current policy framework could disrupt markets if Taylor insists on broad reform Kevin Warsh, 47, Visiting Fellow at Stanford University’s Hoover Institution Experience: Fed governor from 2006 to 2011; economic adviser to President George W. Bush from 2002 to 2006; M&A lawyer at Morgan Stanley for seven years Education: Bachelor’s degree in public policy, Stanford University; Law degree from Harvard University Policy positions: Warsh feels the Fed should not try to fine-tune the economy and argues policymakers have too much discretion. He feels the Fed should aim for inflation between 1 and 2 percent, effectively lowering its inflation target. In his own words: “We should not accept the Fed’s newfound conviction that a very low neutral equilibrium real short-term interest rate (r*) is a fixed feature of future monetary policy ... The central bank and the academic community should engage in a fundamental rethinking of the Fed’s strategy, tools, governance, and communications.” Pros to candidacy:   Former banker and for several years former Fed Chair Ben Bernanke’s right-hand man on financial markets, has a familiarity with Wall Street   Wife Jane Lauder Warsh is a daughter of cosmetics magnate Ron Lauder, a longtime friend of Trump  Served on the president’s economic advisory council before it disbanded Cons to candidacy:   May be seen as too hawkish by a president who calls himself a “low interest rate person”   Not an academic economist like Yellen or Bernanke but has still maintained U.S. monetary policy needs a full makeover   Worried about inflation even as the 2008 financial crisis hit, and quit the Fed over its second round of bond-buying, a possible black mark against his judgment given the success of the “quantitative easing” program  Even while quitting over Fed bond buying, never dissented on FOMC decisions Janet Yellen, 71, Federal Reserve Chair Experience: Also served as a Fed governor, President of the San Francisco Fed, and the Fed’s vice chair from 2010 to 2014  Education: PhD in economics, Yale University Policy positions: Yellen steered the Fed towards “gradual” rate increases and a slow reduction of its balance sheet, dependent on evidence of a continued economic recovery. She argues that post-crisis financial regulation has made the economy more stable without sacrificing growth. In her own words: “My colleagues and I may have misjudged the strength of the labor market ... or even the fundamental forces driving inflation ... How should policy be formulated in the face of such significant uncertainties? In my view, it strengthens the case for a gradual pace of adjustments.” Pros to candidacy:   After a career in the Fed system and four years as its head, has earned the trust of markets and shown she can shift policy without major disruption   A growing economy, low unemployment, and strong stock markets make the case for continuity, while Trump has said publicly he feels she is doing a good job Cons to candidacy:   Could be seen as a Democratic holdover by a President who may want to put his own stamp on the Fed   Feels the core regulations approved after the financial crisis should remain intact, a possible friction with the administration’s deregulatory bent   Some Republican leaders want the Fed to have less discretion over monetary policy, an idea Yellen resists ",0,1,0.5052583768955909,8514,very long (2K+),borderline (0.4-0.6),False Positive (Real->Fake)
"SENATE PASSES USA FREEDOM ACT McConnell was shut down completely in this debate as all amendments he put forth were rejected including the McConnell-Burr Amendment.Congress approved sweeping changes Tuesday to surveillance laws enacted after the Sept. 11 attacks, eliminating the National Security Agency s disputed bulk phone-records collection program and replacing it with a more restrictive measure to keep the records in phone companies  hands.Two days after Congress let the phone-records collection and several other anti-terror programs expire, the Senate s 67-32 vote sent the legislation to President Barack Obama, who signed it Tuesday night. This legislation will strengthen civil liberty safeguards and provide greater public confidence in these programs,  Obama said in a statement. Officials said it could take at least several days to restart the collection.The legislation will revive most of the programs the Senate had allowed to lapse in a dizzying collision of presidential politics and national security policy. But the authorization will undergo major changes, the legacy of agency contractor Edward Snowden s explosive revelations two years ago about domestic spying by the government.In an unusual shifting of alliances, the legislation passed with the support of Obama and House Speaker John Boehner, R-Ohio, but over the strong opposition of Senate Majority Leader Mitch McConnell. McConnell failed to persuade the Senate to extend the current law unchanged, and came up short in a last-ditch effort Tuesday to amend the House version, as nearly a dozen of his own Republicans abandoned him in a series of votes. This is a step in the wrong direction,  a frustrated McConnell said on the Senate floor ahead of the Senate s final vote to approve the House version, dubbed the USA Freedom Act. He said the legislation  does not enhance the privacy protections of American citizens. And it surely undermines American security by taking one more tool form our warfighters at exactly the wrong time. The legislation remakes the most controversial aspect of the USA Patriot Act   the once-secret bulk collection program that allows the National Security Agency to sweep up Americans  phone records and comb through them for ties to international terrorists. Over six months the NSA would lose the power to collect and store those records, but the government still could gain court orders to obtain data connected to specific numbers from the phone companies, which typically store them for 18 months.It would also continue other post-9/11 surveillance provisions that lapsed Sunday night, and which are considered more effective than the phone-data collection program. These include the FBI s authority to gather business records in terrorism and espionage investigations and to more easily eavesdrop on suspects who are discarding cellphones to avoid surveillance.Read more: AP",1,0,0.012928625641110079,2899,very long (2K+),uncertain (<0.4),False Negative (Fake->Real)
"SPINELESS GOP PROVES MAJORITY Means Nothing …Senator Schumer Brags About Not Funding Border Wall: “Budget Deal Reflects Democrats’ Principles” Wow! Republicans had a chance to stand up to the Democrats and fight for the border wall, as well as other issues that got President Trump and many Republican members of Congress elected. The swamp monsters first attempt at backing our president and his efforts to make America Great Again however, proved to be an epic failure. Meanwhile, Democrats who are the minority party in both the House and Senate are gloating over the power they still wield over our spineless leadership in the GOP Top Capitol Hill negotiators reached an agreement on a huge $1 trillion-plus spending bill that avoids a government shutdown, aides said on Sunday.The deal means virtually all the day-to-day-operations of the federal government will be funded until September.It was a victory for Trump, who got an extra $15billion to strengthen the military and another $1.5billion to enhance border security.However, he lost out on the funding he needed for the US-Mexico-border wall, a promise that was one of the cornerstones of his presidential campaign.Details of the agreement were expected to be made public Sunday night, said aides to lawmakers involved in weeks of negotiations. The House and Senate had until midnight Friday to pass a measure to avert a government shutdown.  Daily Mail White House Budget Director Mick Mulvaney said earlier in April that the shutdown fight was  the first real test of whether or not the Democrats   specifically in the Senate   are interested in negotiating, interested in compromising. The White House last week dropped its demand for immediate funding for the border wall after Democrats said it would result in a government shutdown because they would not vote for any bill that included it. The White House also dropped its threat to stop paying federal subsidies to insurance companies that offer lower-cost coverage to low-income Americans. Trump had threatened to stop paying the subsidies to force Democrats to support legislation to replace the Affordable Care Act, better known as Obamacare.Here s a look at the trillion dollar budget that was passed by Republican majority Congress and Democrat minority.  We ve highlighted budget items where Democrats and RINO s in Congress came together to vote against promises President Trump made to voters who elected him.  Once those two major stumbling blocks to a deal were removed, negotiators had just a few remaining issues to resolve over the weekend.While Republicans hold majorities in the House and Senate, the GOP needs Democratic votes in both chambers to pass the funding bill. In the closely divided Senate, the GOP has a slim majority of 52 seats in a chamber where 60 votes are required to pass the legislation. In the House, Republican leaders need help from Democrats because some conservatives will oppose any bill that increases spending.Democrats used that leverage to get concessions from the White House on the border wall and Obamacare while also getting extra money for medical research and other domestic programs. At the same time, Democrats agreed to beef up defense and border security, allowing the White House to claim at least a partial victory.   USA Today",1,0,0.08642202959955593,3304,very long (2K+),uncertain (<0.4),False Negative (Fake->Real)
"Venezuelan crisis spawns boom in gambling CARACAS (Reuters) -  The Whale ,  The Dog  or  The Zebra ? Players line up beside a small kiosk in a poor neighborhood to choose animals in a lottery game that has become a craze in Venezuela even as the oil-rich country suffers a fourth year of brutal recession. It seems more and more Venezuelans are turning to gambling in their desperation to make ends meet amid the country s unprecedented economic crisis. Though more people lose than win overall, the illusion of a payday has become more alluring as Venezuelans endure the world s highest inflation, shortages of basics from flour to car batteries, and diminished real-term wages. Among multiple options from race courses to back-street betting parlors, the roulette-style  Los Animalitos  (or the Little Animals) is currently by far the most popular game on the street.   Most people I see playing the lottery are unemployed, trying to make a bit extra this way because the payouts are good,  said Veruska Torres, 26, a nurse who recently lost her job in a pharmacy and now plays Animalitos every day.  Torres often plays more than a dozen times daily at the kiosk in Catia, spending between 5,000-10,000 bolivars, but sometimes making up to 50,000 or 60,000 bolivars in winnings - more than a quarter of the monthly minimum wage.  When that happens, she splits the money between buying food and diapers for her baby boy, and re-investing in the lottery. The Animalitos game, whose results appear on YouTube at scheduled times, is hugely popular because it goes through various rounds, holding people s interest, and provides more chances to win than most traditional betting options.  The cheapest ticket costs just 100 bolivars - a quarter of a U.S. cent at the black market currency rate, and more than 10 times less than that at the official exchange level.  It helped me a lot,  said Eduardo Liendo, 63, of a timely win. He recently lost his house and lives in a car in Caracas  Propatria neighborhood, but had a successful punt on the Animalitos, choosing the dog figure after his own had died. There is no hard data on betting figures, and the government s betting regulator did not answer requests from Reuters for information. But those behind Venezuela s gambling businesses, run by a mixture of private companies and local regional authorities, said trade was booming, with lines longer and busier than ever - because of, not despite, the hard times.  In a crisis like the one we re going through, people drink and gamble more to escape from reality,  said psychologist Rosa Garcia from the rural state of Barinas.  The latest scarcity in Venezuela is cash - as authorities cannot produce enough notes to keep up with dizzying inflation - so many bars, shops and betting parlors have quickly switched from cash to electronic transactions to keep money flowing. That has hit the Caracas hippodrome, where cash is still king. But thousands still go there at weekends, pushing against fences in front of the sand track to cheer their horse on as salsa music booms in the background. (See reut.rs/2A2eOEB for a related photo essay)  ",0,1,0.5500128290086294,3140,very long (2K+),borderline (0.4-0.6),False Positive (Real->Fake)
"BREAKING NEWS: Reince Priebus Makes Early Return Home From Trump’s First Foreign Trip The White House confirmed to FOX Business that Priebus would be heading back to Washington D.C. after the stop in Saudi Arabia, part of the president s visit to the Middle East, and insisted this was always part of the administration s plan.Natalie Strom, assistant press secretary at the White House, told FOX Business,  It has always been planned for Reince to return to Washington following the Saudi Arabia portion of the trip. It s a big week in D.C. for the president s agenda with our budget release coming soon and discussions continuing on tax reform, so he s needed back at home for that. When asked which other officials would be coming home, Strom said,  Only a few senior administration officials are staying on for the whole trip, which is typical for these kinds of trips. They re attending the stops that most pertain to their responsibilities. Off the top of my head I know that Secretary [of State] Tillerson and General McMaster won t be on for the entirety. As FOX Business reported Friday, Priebus s position in the White House is once again in jeopardy as National Economic Council Director Gary Cohn and Office of Management and Budget Director Mick Mulvaney are a few of the candidates under consideration to replace him if the president decides to go that route, according to sources close to the situation.On Friday, the White House did not deny the possibility that Priebus could be replaced.While the administration may believe it s typical for some officials to stay and others to head home, according to experts outside the White House, it s unusual for a chief of staff to head home early on such an important trip.   FOX Business ",1,0,0.05094264803666679,1748,long (500-2K),uncertain (<0.4),False Negative (Fake->Real)
"Highlights of Reuters interview with Trump WASHINGTON (Reuters) - Here are some of the highlights of the Reuters interview with U.S. President Donald Trump on Thursday. “There’s a chance that we could end up having a major, major, conflict with North Korea, absolutely.” QUESTION: Is that your biggest global worry at this point? “Yes, I would say that’s true, yes. ... North Korea would be certainly that.” ON GETTING SOUTH KOREA TO PAY FOR THAAD MISSILE DEFENSE SYSTEM “On the THAAD system, it’s about a billion dollars. I said,  ‘Why are we paying? Why are we paying a billion dollars? We’re protecting. Why are we paying a billion dollars?’ So I informed South Korea it would be appropriate if they paid. Nobody’s going to do that. Why are we paying a billion dollars? It’s a billion dollar system. It’s phenomenal. It’s the most incredible equipment you’ve ever seen - shoots missiles right out of the sky. And it protects them and I want to protect them. We’re going to protect them. But they should pay for that, and they understand that.” ON WHETHER THE WAR AGAINST ISLAMIST EXTREMISM WILL EVER END “Yours is the toughest question. Because at what point does it end? But we can’t let them come over here. I have to say, there is an end. And it has to be humiliation. There is an end. Otherwise it’s really tough. But there is an end. We are really eradicating some very bad people. When you take a look at what’s going on with the cutting off of the heads. We haven’t seen that since Medieval times. Right?”  ON CHINESE PRESIDENT XI’S EFFORTS TO REIN IN NORTH KOREA “He certainly doesn’t want to see turmoil and death. He doesn’t want to see it. He’s a good man. He’s a very good man and I got to know him very well ... We’ll see how it all works out. I know he would like to be able to do something. Perhaps it’s possible that he can’t. But I think he’d like to be able to do something.” “He’s 27 years old, his father dies, took over a regime, so say what you want but that’s not easy, especially at that age. You know you have plenty of generals in there and plenty of other people that would like to do what he’s doing. So I’ve said this before and I’ve, I’m just telling you, and I’m not giving him credit or not giving him credit. I’m just saying that’s a very hard thing to do.” “As to whether or not he’s rational, I have no opinion on it. I hope he’s rational.” “I get a call from Mexico yesterday, ‘We hear you’re going to terminate NAFTA.’ I said that’s right. They said, ‘Is there any way we can do something without you – without termination?’ I said, ‘What do you want to do?’ He said, ‘Well, we’d like to negotiate.’ I said we’ll think about it. Then I get a call, and they call me, I get a call from Justin Trudeau and he said, ‘We’d like to see if we can work something out,’ and I said that’s fine. Because I’ve always - I’ve been very consistent. It’s much less disruptive if we can make a fair trade deal than if we terminate.” “It’s unacceptable. It’s a horrible deal made by Hillary. It’s a horrible deal. And we’re going to renegotiate that deal, or terminate it.”  QUESTION: When will you announce it? “Very soon. I’m announcing it now.” “By the way, with South Korea, just so you know. They’re ready for it. Mike Pence was representing me, he was just over there, he’s told them. And we have the five-year anniversary coming up very shortly. And we thought that would be a good time to start ... It’s a great deal for South Korea. It’s a terrible deal for us.” “Frankly, Saudi Arabia has not treated us fairly, because we are losing a tremendous amount of money in defending Saudi Arabia.” “Well, my problem is that I’ve established a very good personal relationship with (Chinese) President Xi. And I really feel that he is doing everything in his power to help us with a big situation, so I wouldn’t want to be causing difficulty right now for him ... So I would certainly want to speak to him first.” “If there’s closure, there’s closure. We’ll see what happens. If there’s a shutdown. It’s the Democrats’ fault. Not our fault. It’s the Democrats’ fault. Maybe they’d like to see a shutdown.”  ON TRUMP’S PLAN TO GENERATE REVENUE TO OFFSET TAX CUTS “We will do trade deals that are going to make up for a tremendous amount of the deficit. We are going to be doing trade deals that are going to be much better trade deals ...  “There will be other ways that we are going to raise revenues. But we are going to run the country properly, and we are going to be reimbursed when we do things. Why should we be paying for somebody else’s military?” ON MIDDLE EAST PEACE AND POSSIBLE TRIP TO ISRAEL, SAUDI ARABIA “It’s a possibility, we’re talking to both. It’s a possibility, but I want to see peace with Israel and the Palestinians. There is no reason there’s not peace between Israel and the Palestinians - none whatsoever. So we’re looking at that and we’re also looking at the potential of going to Saudi Arabia.” ",0,1,0.995926026638224,4948,very long (2K+),confident (0.8+),False Positive (Real->Fake)
"DEM PARTY OFFICIAL, Chair Of Black Caucus, Bernie Sanders Supporter Calls Reactions To Shooting Of Republican Steve Scalise, “So Funny”…REFUSES To Resign A Nebraska Democratic Party official has refused calls to resign her volunteer position after calling reactions to this week s shooting of a high-ranking Republican member of Congress  so funny  on social media.NOT FUNNY: Representative Steve Scalise (R-LA) a married father of two young children, is listed in critical condition after a 66 yr. old Democrat and Bernie Sanders supporter opened fire on Republicans who were practicing for their annual Democrat-Republican charity baseball game in Alexandria, VA.Chelsey Gentry-Tipton of Omaha said in statement that she will not resign as chairwoman of the party s Black Caucus, saying her post was taken out of context by party officials.Screen shot below is taken from Gentry-Tipton s Facebook page:The Nebraska party s leadership asked Gentry-Tipton to step down Wednesday, several hours after she wrote, in a Facebook thread about the shooting at in Alexandria, Virginia,  Watching the congressman crying on live tv abt the trauma they experienced. Y is this so funny tho? House Majority Whip Steve Scalise, R-La., was shot in the early morning incident at a Washington, D.C., area baseball field. Four others were shot or injured. The gunman was shot and later died.Messages left Thursday with Gentry-Tipton seeking an interview were not immediately returned.Jane Kleeb, chairwoman of the Nebraska Democrats, said the news media s interest in what amounts to an internal party dispute was troubling and distracted from the more important issue of gun violence. Nonetheless, she confirmed that she and the party s central committee were  deeply disappointed  in the comments. Anyone who commits violence against anyone is wrong,  Kleeb said Thursday.  Anyone who makes insensitive comments about gun violence is wrong. For me that s the end of the story. In a separate Facebook post, Gentry-Tipton refused  at this point  to resign. Via: Omaha World-Herald",1,0,0.245189323647545,2063,very long (2K+),uncertain (<0.4),False Negative (Fake->Real)
"BREAKING NEWS: President Trump Announces Major Policy Shift on Transgender People in the US Military President Trump just tweeted out a new policy in the US military that was made after consultation with military experts and Generals:Trump made the announcement, which would represent a major shift in military policy, on Twitter. He said he had made the decision after consulting with  my generals and military experts. After consultation with my Generals and military experts, please be advised that the United States Government will not accept or allow Transgender individuals to serve in any capacity in the U.S. Military,  Trump tweeted. Our military must be focused on decisive and overwhelming victory and cannot be burdened with the tremendous medical costs and disruption that transgender in the military would entail. Thank you ",1,0,0.006478309386178632,838,long (500-2K),uncertain (<0.4),False Negative (Fake->Real)
"LIBERAL Lansing, MI Mayor Forced To REMOVE “Sanctuary City” Status After MI Residents Hammer Him For Arrogant Announcement On Tucker Carlson [VIDEO] Watch his appearance on Tucker Carlson where he announced that Lansing, MI would be designated a  sanctuary city  here:The city council in Lansing, Mich. voted Wednesday to rescind its decision to deem itself a  sanctuary  city for illegal immigrants after concerns from the businesses that the status would draw unwelcome attention to the city.The term  sanctuary city  generally refers to jurisdictions that do not cooperate with U.S. immigration officials. Under Lansing city policy, police don t ask for people s immigration status, except as required by U.S. or Michigan law or a court order.Council members voted 5-2 to reverse last week s 6-0 vote to give the city  sanctuary  status. Immigration advocates in the crowd called called council members  spineless  and said  you re all losing your seats. The dispute comes as several cities are battling President Donald Trump s promised crackdown on places that block cooperation between their police departments and U.S. immigration authorities. The Trump administration has warned that sanctuary cities could lose federal money for refusing to cooperate with immigration authorities.After last week s vote, council members received a letter from the Lansing Regional Chamber and Michigan Chamber of Commerce urging them to remove references to  sanctuary city  from its resolution. Lansing is a diverse community, rich with history and culture. It s what makes our city a welcoming destination to live, work and thrive,  the business groups  letter says.  Recent actions of City Council, whether intended or not, have placed an unnecessary target on the City of Lansing while jeopardizing millions of dollars in federal funding that impacts the city budget. The term  sanctuary  in the resolution has become very problematic and distracting   so distracting in my opinion that s it s taken away from the intent of our resolution, which is to protect individuals,  said Councilwoman Judi Brown Clarke.  It s basically a  don t ask  policy, which was outlined by the mayor s executive order and what we had in our policy complements that. That was already the policy in Lansing before last week s vote, but Lansing called itself a  welcoming city,  rather than a  sanctuary city.  Neither the welcoming city resolution nor the sanctuary city resolution called for Lansing to prohibit workers from providing information on a person s immigration status with U.S. immigration officials   a ban that s at the heart of some urban sanctuary cities disagreements with the Trump administration.The issue also has touched off debate in the Republican-controlled Michigan Legislature, which is considering banning local governments from enacting or enforcing rules that limit communication and cooperation with federal officials concerning people s immigration status. Similar legislation died in the last session.   FOX News",1,0,0.2336004933823578,3020,very long (2K+),uncertain (<0.4),False Negative (Fake->Real)
"BREAKING: Activist Appeals Court Rules Against Trump…Trump Comes Out Swinging…Tweets Awesome Reply A federal appeals court ruled that the U.S. will remain open to refugees and visa holders from seven Muslim-majority countries, rejecting a bid by the Trump administration to reinstate a travel ban in the name of national security.The San Francisco-based appeals court on Thursday spurned the government s request to close the doors after days of public debate over President Donald Trump s attacks on the judicial system and a rush of fearful immigrants. The ruling increases the likelihood that the administration will ask the Supreme Court to step into a case that s the biggest test of Trump s executive power yet .The public  has an interest in free flow of travel, in avoiding separation of families, and in freedom from discrimination,  a three-judge panel said in a unanimous 29-page ruling.A VICTORY FOR TECH COMPANIES WANTING CHEAP LABOR:The panel s ruling in favor of immigrants is a victory not only for Washington and Minnesota   the states that sued   but for Facebook Inc., Google Inc. and Microsoft Corp., which said in court papers that the measure would hinder their global businesses.Read more: Bloomberg Business",1,0,0.01883058450439599,1231,long (500-2K),uncertain (<0.4),False Negative (Fake->Real)
"(Video) Angry Latino Activist: “Ultimately, it doesn’t matter if we’re undocumented.” Anti-Trump Activist says what everyone on the left thinks  His comment is at the 1:52 mark: ",1,0,0.06784026218048657,178,medium (100-500),uncertain (<0.4),False Negative (Fake->Real)
"White House chiefs of staff welcome new member to ranks WASHINGTON (Reuters) - Eleven men who have held what is considered to be the toughest job in Washington - White House chief of staff - were to gather for lunch on Friday to welcome Reince Preibus, chief of staff to President-elect Donald Trump, to their ranks. President Barack Obama’s chief of staff, Denis McDonough, was hosting his successor at the gathering, along with former chiefs of staff from administrations dating back to the Jimmy Carter White House of 1977-1980. The White House lunch is similar to one hosted in 2008 by Josh Bolten, then chief of staff to outgoing President George W. Bush, for Obama’s first chief of staff, Rahm Emanuel, a White House official said. Both Bolten and Emanuel will be at the lunch, joined by Obama’s three other former chiefs of staff - Jack Lew, Bill Daley and Pete Rouse - as well as Andrew Card, George W. Bush’s first chief of staff. Jack Watson, who was chief of staff to Jimmy Carter, was invited, along with Kenneth Duberstein from the Ronald Reagan White House and Samuel Skinner from the George H.W. Bush administration. Also invited: John Podesta, a chief of staff in the Bill Clinton White House who helped run Trump rival Hillary Clinton’s campaign for the presidency. ",0,1,0.9642904820670388,1283,long (500-2K),confident (0.8+),False Positive (Real->Fake)
"Instant View: Trump orders military strikes on Syrian air base (Reuters) - U.S. President Donald Trump said on Thursday he ordered a targeted military strike against an airfield controlled by Syrian President Bashar al-Assad’s forces. A deadly chemical attack was launched this week from that base. “This action was appropriate and just.” “Resolving the years-long crisis in Syria is a complex task, but Bashar al-Assad must be held accountable and his enablers must be persuaded to change course. I look forward to the administration further engaging Congress in this effort.”  “Building on tonight’s credible first step, we must finally learn the lessons of history and ensure that tactical success leads to strategic progress. That means following through with a new, comprehensive strategy in coordination with our allies and partners to end the conflict in Syria.” “It is critical that Assad knows he will no longer enjoy impunity for his horrific crimes against his own citizens, and this proportional step was appropriate. As we move forward, it will be important for the administration to engage with Congress and clearly communicate its full strategy to the American people.” “Assad was warned, repeatedly, by the U.S. and the U.N. that the intentional targeting of innocent men, women and children is intolerable. Now Assad has been caught red-handed carrying out another abhorrent chemical attack, and the administration has taken a measured response.” REPRESENTATIVE ADAM SCHIFF, RANKING MEMBER, HOUSE INTELLIGENCE “I will be reintroducing an authorization for use of military force against ISIS and al Qaeda when Congress returns to session. Congress cannot abdicate its responsibility any longer and should vote on any use of force not made in self defense. This is necessary whether action is taken against terrorist groups or, as here, against regime capabilities.” “Making sure Assad knows that when he commits such despicable atrocities he will pay a price is the right thing to do.‎ It is incumbent on the Trump administration to come up with a strategy and consult with Congress before implementing it.” SENATOR BEN CARDIN, TOP DEMOCRAT ON SENATE FOREIGN RELATIONS “I cannot emphasize this enough, any longer-term or larger military operation in Syria by the Trump administration will need to be done in consultation with the Congress. Furthermore, it is the president’s responsibility to inform the legislative branch and the American people about his larger policy in Syria, as well as the legal basis for this action and any additional military activities in that country.” SENATOR MARCO RUBIO, REPUBLICAN ON SENATE FOREIGN RELATIONS “What must follow is a real and comprehensive strategy to ensure that Assad is no longer a threat to his people and to U.S. security, and that Russia no longer has free rein to support his regime.” “While we all condemn the atrocities in Syria, the United States was not attacked. The president needs congressional authorization for military action as required by the Constitution, and I call on him to come to Congress for a proper debate. Our prior interventions in this region have done nothing to make us safer, and Syria will be no different.” “My preliminary briefing by the White House indicated that this was a measured response to the Syrian nerve gas atrocity. Any further action will require close scrutiny by Congress, and any escalation beyond air strikes or missile strikes will require engaging the American people in that decision.” “While I’m encouraged that the Trump administration has felt compelled to act forcefully in Syria against the Assad regime, I’m gravely concerned that the United States is engaging further militarily in Syria without a well-thought-out, comprehensive plan. Frankly, the president’s actions today generate more questions than answers.” ",0,1,0.9228971709752621,3841,very long (2K+),confident (0.8+),False Positive (Real->Fake)
"Chicago black pastors shun mayor's annual King breakfast CHICAGO (Reuters) - A group of black pastors boycotted Chicago Mayor Rahm Emanuel’s annual Martin Luther King breakfast on Friday, over his handling of police killings, and one pastor attended the event but interrupted it with protest chants before being escorted out. A handful of religious leaders joined protesters who blocked one entrance to the Hyatt Hotel where the breakfast was being held, chanting demands that Emanuel step down. But hundreds of Chicago’s African-American leaders did attend the breakfast - started in the 1980s by the city’s first black mayor, Harold Washington - and the event to honor civil rights leader King. “This boycott is not in opposition to Harold Washington nor Martin Luther King Jr. This boycott stands for the very cause that they stood for, it was through protesting that achievement was made. To sit by and do nothing is to endorse what is going on,” said Bishop Edgar Mullins, pastor of Grace Family Worship Center church, one of the boycotters. Local media showed footage of Rev. Matthew Ross interrupting the breakfast and chanting “16 shots and a cover-up,” in reference to the 2014 fatal shooting of Laquan McDonald, before security guards escorted him from the conference room. Police killings, mostly of men of color, have led to protests around the United States in the past year and a half.  A wave of protests over police killings in Chicago, mostly of young black men, has forced Emanuel to fire his police chief and accept a federal probe of the police department. The city has also reversed its previous policy not to release video footage of police killings. On Thursday officials made public the images from surveillance cameras that show police killing Cedric Chatman, 17, in January 2013. Lawyers for his family say the video contradicts police statements that Chatman, a carjacking suspect, had a dark object that he pointed at them. Alderman Anthony Beale of the city’s ninth ward was among black leaders who attended the breakfast on Friday. He said he was there to honor King’s legacy, which made protests possible. “Either you’re part of the problem or part of the solution. I choose to be part of the solution ... Now is a golden opportunity for us to put real change in this city,” he said. ",0,1,0.8201048893789026,2315,very long (2K+),confident (0.8+),False Positive (Real->Fake)
"U.S. Supreme Court revival on Trump travel ban draws praise, criticism (Reuters) - The U.S. Supreme Court on Monday gave President Donald Trump a victory by allowing his temporary ban on travelers from six Muslim-majority countries and all refugees to go into effect for people with no strong ties to the United States while agreeing to decide the order’s legality this fall. The case is a major test of presidential powers. The justices granted parts of the Trump administration’s emergency request to put the order into effect immediately while the legal battle continues. The court, which narrowed the scope of lower court rulings that had blocked his March 6 executive order, said it would hear arguments in October on the lawfulness of the ban. THE COUNCIL ON AMERICAN-ISLAMIC RELATIONS, A MUSLIM CIVIL RIGHTS AND ADVOCACY ORGANIZATION The council expressed its concerns about the Supreme Court decision in relations to Islam saying it “ignores the Islamophobic origins of the policy and emboldens Islamophobes in the Trump administration.” AHMED AL-NASI, OFFICIAL AT YEMEN MINISTRY OF EXPATRIATE AFFAIRS Al-Nasi, whose country is one of the six falling under the ban, also criticized the Supreme Court decision.  “We believe it will not help in confronting terrorism and extremism, but rather will increase the feeling among the nationals of these countries that they are all being targeted,” he said. “Especially given that Yemen is an active partner of the United States in the war on terrorism and that there are joint operations against terrorist elements in Yemen.” Shaheen expressed disappointment in the court’s decision. “Muslim travel ban has no merit & offensive to our nation’s core values,” she said on Twitter.  TOM FITTON, PRESIDENT OF JUDICIAL WATCH, A CONSERVATIVE FOUNDATION  Fitton praised the Supreme Court’s decision. “This is a major blow to anti-Trump activist judges on the lower courts. And it is a big victory for our nation’s security, President Trump, and the rule of the law.” he said in a statement.  DAVID MILIBAND, CHIEF EXECUTIVE OF THE INTERNATIONAL RESCUE COMMITTEE HUMANITARIAN AGENCY AND A FORMER BRITISH FOREIGN MINISTER Miliband said the ruling could hurt refugees who have already been vetted and were slated to come to the United States.      “The court’s decision threatens damage to vulnerable people waiting to come to the U.S.: people with urgent medical conditions blocked, innocent people left adrift, all of whom have been extensively vetted,” he said in a statement. “We urge the administration to begin its long-delayed review of the vetting process and restart a program which changes lives for the better.” MICHAEL O’ROURKE, CHIEF MARKET STRATEGIST AT JONESTRADING IN GREENWICH, CONNECTICUT O’Rourke said it was not clear if the news on the travel ban was having an impact on stocks.  “I think it’s having a little impact, but I’m not sure. It just seemed to be the timing of the headlines.  “There are a couple of different things floating around. ... I feel there’s a combination of a bunch of little things.   “And I have a thematic track basket for immigration, and there are a bunch of tech names in there. Maybe people are reading into the immigration story there. ... But we know what policy the president is going to pursue. It’s not lining up perfectly for me.” ERIC SCHWARTZ, PRESIDENT OF REFUGEES INTERNATIONAL AND FORMER U.S. ASSISTANT SECRETARY OF STATE FOR POPULATION, REFUGEES, AND MIGRATION Schwartz said he was disappointed by the court’s decision. “The suspension of refugee resettlement will impact the most vulnerable of the world’s populations, including refugee women and girls, survivors of violence and torture, and refugee children, among many other groups at considerable risk.” he said. “The options for organizations like ours are now limited as the Supreme Court reviews this case.” BECCA HELLER, DIRECTOR OF THE INTERNATIONAL REFUGEE ASSISTANCE PROJECT Heller said the parts of the travel ban allowed to go into effect “are actually incredibly narrow.” “Almost anyone coming into the U.S. who has a visa or has been in the refugee program for a while ... has some kind of tie to a U.S. person or a U.S. entity,” she said. “The hope is that this really only impacts a very small number of people.” Trump praised the court’s decision in a statement released by the White House. “Today’s unanimous Supreme Court decision is a clear victory for our national security,” he said. “Today’s ruling allows me to use an important tool for protecting our nation’s homeland.” DEMOCRATIC SENATOR ED MARKEY OF MASSACHUSETTS, MEMBER OF THE SENATE FOREIGN RELATIONS COMMITTEE Markey said in an interview with CNN that the top court made it clear the Trump administration had overreached when it came to businesses, family members and students but expressed concern that the court did not issue a more fundamental ruling.           “I’m disappointed that the court just didn’t rule that a Muslim ban in and of itself is unconstitutional,” Markey said. OMAR JADWAT, DIRECTOR OF THE AMERICAN CIVIL LIBERTIES UNION’S IMMIGRANTS’ RIGHTS PROJECT Jadwat, who argued the appellate case on the executive order, said in a statement: “President Trump’s Muslim ban violates the fundamental constitutional principle that government cannot favor or disfavor any one religion. Courts have repeatedly blocked this indefensible and discriminatory ban. The Supreme Court now has a chance to permanently strike it down.” WILLIAM STOCK, OUTGOING PRESIDENT OF THE AMERICAN IMMIGRATION LAWYERS ASSOCIATION  Stock said the “bona fide connections” to the United States cited by the court as a requirement for admission to the country might include those on employer-sponsored visas, family-sponsored green card applications, people who are admitted by schools in the United States as students and those collaborating on research with people in the United States.  “The court seems to be saying if a family in Iran had prepaid for Disneyland, they probably have a demonstrable connection to the United States that might allow for issuance of a visitor visa,” Stock said. “If a person says ‘I’ve heard of Disneyland and I’d really like to see it,’ that probably doesn’t get them in.” In a statement, Perez vowed to keep fighting the ban, which he called unconstitutional and an assault on American religious freedom.   “As a nation, our diversity is our greatest strength, and we cannot allow such prejudice to shut the doors of progress. Democrats will continue to fight this hatred every step of the way,” Perez said.   “Great news for our national security, the rule of law and @POTUS,” Strange said on Twitter, referring to Trump. ",0,1,0.9021096285475327,6680,very long (2K+),confident (0.8+),False Positive (Real->Fake)
"Benghazi Survivor On Hillary Clinton: “I Don’t Think She Has A Soul” #FeelTheBern of incompetence A survivor of the 2012 Benghazi siege that claimed the lives of four Americans and subject of the movie  13 Hours  repudiated Hillary Clinton Thursday night in Connecticut s largest Democratic stronghold.Kris  Tanto  Paronto, a military contractor and former Army Ranger, said Clinton failed as secretary of state to send in adequate reinforcements when the U.S. mission in Libya was under terrorist attack.Part of the security team that tried to defend the compound, Paronto headlined the annual Lincoln Day fundraising dinner of Bridgeport Republicans, who make up less than 10 percent of the city s electorate.Paronto stopped short of endorsing the GOP s presumptive presidential nominee, Donald Trump, but said he will work with Republicans to shine a light on what happened in the confusion of the attack that killed U.S. ambassador to Libya J. Christopher Stevens on Sept. 11, 2012. I don t think she has a soul,  Paronto said of Clinton during an interview with Hearst Connecticut Media.  I hope it haunts her. I don t think it will. A spokesman for Clinton, who campaigned in Bridgeport ahead of her primary victory last month in Connecticut, declined to comment.Paronto said he has no doubt that there is a nexus between the Benghazi attack and the email scandal that has dogged Clinton, who has been criticized for using a personal server to send and receive classified material when she was secretary of state. He repeated accusations that Clinton misled the victims  families over what incited the attack. She lied to the family members, period,  Paronto said.  People are believing her over the family members of teammates that I lost. Clinton has denied telling the victims  families that an anti-Islam video was to blame for sparking the attack.Andy Wainwright, a Republican State Central Committee member from Stamford, said he recently saw  13 Hours  and was mesmerized. It was not a political movie,  he said.  There was no finger-pointing. It highlights the bureaucracy and a lot of times the military being handcuffed. For entire story: CT Post",1,0,0.005633780970118869,2162,very long (2K+),uncertain (<0.4),False Negative (Fake->Real)
" Former Israeli Prime Minister BLASTS Israeli Government, Says Israel Has Become A Fascist State It appears that the curtain that hides the true nature of Israel is finally beginning to be pulled back. On Friday, former prime minister and defense minister Ehud Barak told reporters that Israel has been  infected by the seeds of fascism.  That may be one of the biggest understatements of the year, though it does show the beginnings of a new internal outcry against Israel s government.Haaretz reports:Responding to the resignation of Defense Minister Moshe Ya alon earlier in the day, Barak said that it  should be a red light for all of us regarding what s going on in the government. Life-sustaining Zionism and the seeds of fascism cannot live together,  Barak told a Channel 10 interviewer.Ya alon s resignation is  the end of a chain that began with the case of the soldier who shot [a wounded Palestinian assailant to death],  Barak said.  Such incidents give us an X-ray image that is opposed to the will of the people. What has happened is a hostile takeover of the Israeli government by dangerous elements. And it s just the beginning. This government needs to be brought down before it brings all of us down,  Barak added.  There are no serious leaders left in the world who believe the Israeli government. That last quote is particularly relevant to the United States, seeing as the U.S. has acted as Israel s vanguard for quite some time now. The Obama administration s relationship with Israeli prime minister, Benjamin Netanyahu, has been tense, to say the least. Much of this has to do with Netanyahu s avowed disapproval of President Obama s Iran nuclear deal.However, due to rapid changes in the political ideology of people in the U.S. that may change depending on the administration in power. While a majority of Americans still have a favorable opinion of Israeli, Democrats and Independents  favorability of Israel is plummeting. The Republican Party s positive outlook on Israel remains rock solid, showing support for Israel has become an increasingly partisan issue.Featured image from (Photo by John Moore/Getty Images)",1,0,0.008628148365972926,2146,very long (2K+),uncertain (<0.4),False Negative (Fake->Real)
"Turkey should follow West's lead on rights: author Orhan Pamuk (Reuters) - Turkey under President Tayyip Erdogan needs more Westernization, and not less, to bolster dwindling free speech rights and a wobbly democracy, Nobel Prize-winning author Orhan Pamuk said on Tuesday. Pamuk, 65, also said in an online chat in the Reuters Global Markets Forum that he laments much modernization and saw his stories, including his 10th novel published last year,  The Red-Haired Woman  as focused on the personal costs people pay for discarding traditions in the rush to adapt to the ways of 21st century. The following are edited excerpts: Question: Is Turkey, often described as a bridge between West and East, becoming too Westernized? Answer: The lack of free speech is so grave that we definitely need to be more friendly with the West and Europe. I am not worried about too much Westernization, especially in these days when government is trying to push us away from Western values. Q: Do you see gentrification in Istanbul and other Western influence in Turkey as threats or positives to Turkey s identity? A: I actually do not want to bring East and West together. I essentially want to write poetic, literary observations about the lives of the people in and around Istanbul. And since Istanbul is made up of things from the West, and modernity, and also things that come from traditional cultures, and East, readers think my intention is to  bridge  them. Actually, there are things from East and West that are already harmoniously together in Istanbul. All I do is invent stories about them. Q: How is that theme in  The Red Haired Woman ? A: My main character carries the weight of having an idealist political father, while he is more busy with making money. I have many friends like that ... They are troubled by moral issues like the ones I discussed in this book. Individuality versus belonging to community ... Or economic development and comforts of modernity versus preserving the past than the old architecture and culture. My books are always about how to be modern without losing your identity.  Q: It is Nobel award season. How did your win in 2006 affect you? A: My books were already translated to 46 languages before I won the Nobel prize. Now my books are translated into 63 languages. The prize may have helped. It definitely brought me new readers and some diplomatic responsibility of representing my country. ",0,1,0.9278408702727357,2428,very long (2K+),confident (0.8+),False Positive (Real->Fake)
"Text of Nobel Peace Prize award to anti-nuclear campaign ICAN OSLO (Reuters) - Following is the text of the Nobel Peace Prize award on Friday to the International Campaign to Abolish Nuclear Weapons: The Norwegian Nobel Committee has decided to award the Nobel Peace Prize for 2017 to the International Campaign to Abolish Nuclear Weapons (ICAN).  The organization is receiving the award for its work to draw attention to the catastrophic humanitarian consequences of any use of nuclear weapons and for its ground-breaking efforts to achieve a treaty-based prohibition of such weapons. We live in a world where the risk of nuclear weapons being used is greater than it has been for a long time. Some states are modernizing their nuclear arsenals, and there is a real danger that more countries will try to procure nuclear weapons, as exemplified by North Korea.  Nuclear weapons pose a constant threat to humanity and all life on earth. Through binding international agreements, the international community has previously adopted prohibitions against land mines, cluster munitions and biological and chemical weapons. Nuclear weapons are even more destructive, but have not yet been made the object of a similar international legal prohibition. Through its work, ICAN has helped to fill this legal gap. An important argument in the rationale for prohibiting nuclear weapons is the unacceptable human suffering that a nuclear war will cause. ICAN is a coalition of non-governmental organizations from around 100 different countries around the globe. The coalition has been a driving force in prevailing upon the world s nations to pledge to cooperate with all relevant stakeholders in efforts to stigmatize, prohibit and eliminate nuclear weapons. To date, 108 states have made such a commitment, known as the Humanitarian Pledge. Furthermore, ICAN has been the leading civil society actor in the endeavor to achieve a prohibition of nuclear weapons under international law. On 7 July 2017, 122 of the UN member states acceded to the Treaty on the Prohibition of Nuclear Weapons.  As soon as the treaty has been ratified by 50 states, the ban on nuclear weapons will enter into force and will be binding under international law for all the countries that are party to the treaty. The Norwegian Nobel Committee is aware that an international legal prohibition will not in itself eliminate a single nuclear weapon, and that so far neither the states that already have nuclear weapons nor their closest allies support the nuclear weapon ban treaty.  The Committee wishes to emphasize that the next steps towards attaining a world free of nuclear weapons must involve the nuclear-armed states. This year s Peace Prize is therefore also a call upon these states to initiate serious negotiations with a view to the gradual, balanced and carefully monitored elimination of the almost 15,000 nuclear weapons in the world. Five of the states that currently have nuclear weapons   the USA, Russia, the United Kingdom, France and China   have already committed to this objective through their accession to the Treaty on the Non-Proliferation of Nuclear Weapons of 1970. The Non-Proliferation Treaty will remain the primary international legal instrument for promoting nuclear disarmament and preventing the further spread of such weapons. It is now 71 years since the UN General Assembly, in its very first resolution, advocated the importance of nuclear disarmament and a nuclear weapon-free world. With this year s award, the Norwegian Nobel Committee wishes to pay tribute to ICAN for giving new momentum to the efforts to achieve this goal. The decision to award the Nobel Peace Prize for 2017 to the International Campaign to Abolish Nuclear Weapons has a solid grounding in Alfred Nobel s will.  The will specifies three different criteria for awarding the Peace Prize: the promotion of fraternity between nations, the advancement of disarmament and arms control and the holding and promotion of peace congresses. ICAN works vigorously to achieve nuclear disarmament.  ICAN and a majority of UN member states have contributed to fraternity between nations by supporting the Humanitarian Pledge. And through its inspiring and innovative support for the UN negotiations on a treaty banning nuclear weapons, ICAN has played a major part in bringing about what in our day and age is equivalent to an international peace congress. It is the firm conviction of the Norwegian Nobel Committee that ICAN, more than anyone else, has in the past year given the efforts to achieve a world without nuclear weapons a new direction and new vigor. ",0,1,0.8712253430726773,4626,very long (2K+),confident (0.8+),False Positive (Real->Fake)
"Trial of alleged ringleader of Benghazi attack begins in Washington WASHINGTON (Reuters) - Federal prosecutors opened their case against Ahmed Abu Khatallah on Monday by telling jurors he orchestrated the 2012 attack on a U.S. diplomatic compound in Benghazi, Libya, that killed U.S. Ambassador Christopher Stevens and three other Americans. Khatallah has been awaiting trial since 2014, when he was captured by a team of U.S. military and FBI officials in Libya and transported on a 13-day journey to the United States aboard a Navy vessel. In his opening statement in U.S. District court for the District of Columbia, federal prosecutor John Crabb said Khatallah hates America  with a vengeance  and played a leading role in organizing the Sept. 11, 2012, attack on the U.S. diplomatic mission in Benghazi. Khatallah, he said,  didn t light the fires and he didn t fire the mortars but you will hear he is just as guilty as the men who lit those fires.  Khatallah, who face charges including murder and providing material support to terrorists, sat at the table wearing a white shirt and headphones that allowed him to hear an Arabic translation of the proceedings. Defense attorney Jeffrey Robinson denied that his client had anything to do with the planning of the attack.  The evidence is going to show that Mr. Abu Khatallah did not participate in the attack,  he said.  Monday s session included harrowing testimony from Special Agent Scott Wickland, who described how he tried to get Stevens and State Department staffer Sean Smith to safety as they crawled on their bellies through thick, black smoke as fire engulfed the mission.  At first I had my hand on the ambassador and we were crawling,  he recalled.   I was breathing through the last centimeter of air on the ground... and I am yelling to the other guys,  Come on! We can make it!   And within that 8 meters, they disappeared.  Crabb, the prosecutor, also previewed some of the other testimony the jury will hear from witnesses who claim they heard Khatallah discuss his involvement in the attack. One witness, who was later paid $7 million to help the United States lure Khatallah to the spot where he was captured, will tell jurors he heard the defendant say he  would have killed all of the Americans that night,  Crabb said. Crabb also showed grainy video footage from the night of the attack with images of more than a half-dozen suspected associates of Khatallah. Khatallah appeared in one video as armed militia entered a room that held closely guarded maps and other records. Robinson said his client went to the mission only to see what was happening and warned people to steer clear of the gunfire. He also said some of the government s witnesses  are people who lie.  The trial, which resumes on Tuesday, is expected to last several weeks. ",0,1,0.8640931620939235,2820,very long (2K+),confident (0.8+),False Positive (Real->Fake)
"From blind date to Botswana's stars, Prince Harry charts love for U.S. actress Meghan Markle LONDON (Reuters) - Just four weeks after a blind date with U.S. actress Meghan Markle that left him  beautifully surprised , Britain s Prince Harry took his wife-to-be on a trip to Botswana to camp under the stars in his tent. Harry, 33, Queen Elizabeth s grandson and fifth-in-line to the British throne, and Markle, 36, best known for her role in the U.S. TV legal drama  Suits , got engaged this month at their cottage in London over a roast chicken dinner. In their first broadcast interview since announcing the news earlier on Monday, Harry and Markle held hands as they discussed the moment of their proposal and their courtship.  It was just an amazing surprise. It was so sweet and natural, and very romantic. He got on one knee,  Markle said.  I could barely let you finish proposing. I said,  can I say yes now?  Harry said that he had not watched the show which made Markle s name, and Markle too was relatively unfamiliar with Britain s royal family before meeting Harry.  I had never watched  Suits , I had never heard of Meghan before and I was beautifully surprised when I walked into that room and saw her. I was like,  OK well I m going to have to really up my game here ,  Harry said.   It was I think about three maybe four weeks later that I managed to persuade her to come and join me in Botswana and we camped out with each other under the stars.   Harry and Markle, who is a divorcee, met in July 2016 after they were introduced through a friend who set them up on a blind date. But it was not until September that they made their first public appearance together at the Invictus Games in Toronto, a sports event for wounded veterans. They are due to marry in the spring of next year.  The fact that I fell in love with Meghan so incredibly quickly was confirmation to me that all the stars were aligned, everything was just perfect,  Harry said.  This beautiful woman just tripped and fell into my life, I fell into her life.  The prince, the younger son of heir-to-the-throne Prince Charles and his first wife Diana, publicly confirmed their relationship months later in a rebuke to the media over its alleged intrusion into Markle s private life.  As she got to know Harry, Markle learnt about the huge amount of public scrutiny that the royals face, and she said she was not prepared for the level of attention their relationship would have.  I did not have any understanding of just what it would be like,  she said, saying there was a misconception that because she was an actress she would be used to being in the media spotlight. In his office s warning to the media, Harry referred to the sexism and racism directed at Markle, whose father is white and  her mother African-American. Harry said he had to warn his future wife about the media attention they would face.  Any the end of day I m really just proud of who I am and where I come from and we have never put any focus on that,  she said.  We were just hit so hard at the beginning with a lot of mistruths.  Markle said she had met Queen Elizabeth, who she said was an incredible woman. Harry quipped that the queen s corgis had taken to her straight away despite barking at him for years.  Markle showed off her three-stone engagement ring set in yellow gold, which features a diamond from Botswana and two other gems from the collection of his mother, Diana, who died in a car crash in 1997.   It s beautiful, and he designed it. It s incredible ... obviously not being able to meet his mum, it s so important to me to know that she s a part of this with us,  Markle said, turning to Harry as she spoke about the ring.      It s incredibly special to be able to have this, which sort of links where you come from, and Botswana, which is important to us, it s perfect.  ",0,1,0.5531019596519521,3854,very long (2K+),borderline (0.4-0.6),False Positive (Real->Fake)
"BREAKING: U.S. SUPREME COURT JUSTICE ANTONIN SCALIA Found Dead In TX Antonin Scalia was one of our most reliable, conservative US Supreme Court Justices. Pray for our nation Conservative U.S. Supreme Court Justice Antonin Scalia has died, setting up a major political showdown between President Barack Obama and the Republican-controlled Senate over who will replace him just months before a presidential election. On behalf of the court and retired justices, I am saddened to report that our colleague Justice Antonin Scalia has passed away,  Chief Justice John Roberts said in a statement on Saturday, calling Scalia, 79, an  extraordinary individual and jurist. Scalia s death was first reported by the San Antonio News-Express, who said he had apparently died of natural causes while visiting a luxury resort in West Texas.Appointed to the top U.S. court in 1986 by President Ronald Reagan, Scalia was known for his strident conservative views and theatrical flair in the courtroom.Obama, who is traveling in California, extended his condolences, and the White House said he would have more to say about Scalia s death later on Saturday.The U.S. president will face a stiff battle to win confirmation of a nominee to replace the dead jurist, with Republicans likely to delay in the hope that one of their own wins the November election.Obama could tilt the balance of the nation s highest court, which now consists of four conservatives and four liberals, if he is successful in pushing his nominate through the Senate confirmation process. Conservative Justice Anthony Kennedy sometimes joins with the liberals on high profile issues, including gay rights and the death penalty. Justice Scalia was an American hero. We owe it to him, and the nation, for the Senate to ensure that the next president names his replacement,  Senator Ted Cruz of Texas, a Republican presidential candidate, said on Twitter.The court is set to decide its first major abortion case in nearly 10 years as well as key cases on voting rights, affirmative action and immigration.POSSIBLE REPLACEMENTSScalia s replacement would be Obama s third appointment to the nine-justice court.Obama s first two appointments to the court, liberals Sonia Sotomayor in 2009 and Elena Kagan in 2010, both experienced relatively smooth confirmation hearings in the Senate, which was then controlled by Democrats. Sotomayor was approved by a 68-31 vote and Kagan by 63-37.The battle over Scalia s replacement will be different, with Republicans now in charge of the Senate and keen to exert their influence over the process. Obama is likely to be forced into picking a moderate with little or no history of advocating for liberal causes. Via: Yahoo News",1,0,0.01346212830279211,2715,very long (2K+),uncertain (<0.4),False Negative (Fake->Real)
"FANTASTIC! TRUMP’S 7 POINT PLAN To Reform Healthcare Begins With A Bombshell! Since March of 2010, the American people have had to suffer under the incredible economic burden of the Affordable Care Act Obamacare. This legislation, passed by totally partisan votes in the House and Senate and signed into law by the most divisive and partisan President in American history, has tragically but predictably resulted in runaway costs, websites that don t work, greater rationing of care, higher premiums, less competition and fewer choices. Obamacare has raised the economic uncertainty of every single person residing in this country. As it appears Obamacare is certain to collapse of its own weight, the damage done by the Democrats and President Obama, and abetted by the Supreme Court, will be difficult to repair unless the next President and a Republican congress lead the effort to bring much-needed free market reforms to the healthcare industry.Congress must act. Our elected representatives in the House and Senate must:1. Completely repeal Obamacare. Our elected representatives must eliminate the individual mandate. No person should be required to buy insurance unless he or she wants to.2. Modify existing law that inhibits the sale of health insurance across state lines. As long as the plan purchased complies with state requirements, any vendor ought to be able to offer insurance in any state. By allowing full competition in this market, insurance costs will go down and consumer satisfaction will go up.3. Allow individuals to fully deduct health insurance premium payments from their tax returns under the current tax system. Businesses are allowed to take these deductions so why wouldn t Congress allow individuals the same exemptions? As we allow the free market to provide insurance coverage opportunities to companies and individuals, we must also make sure that no one slips through the cracks simply because they cannot afford insurance. We must review basic options for Medicaid and work with states to ensure that those who want healthcare coverage can have it.4. Allow individuals to use Health Savings Accounts (HSAs). Contributions into HSAs should be tax-free and should be allowed to accumulate. These accounts would become part of the estate of the individual and could be passed on to heirs without fear of any death penalty. These plans should be particularly attractive to young people who are healthy and can afford high-deductible insurance plans. These funds can be used by any member of a family without penalty. The flexibility and security provided by HSAs will be of great benefit to all who participate.5. Require price transparency from all healthcare providers, especially doctors and healthcare organizations like clinics and hospitals. Individuals should be able to shop to find the best prices for procedures, exams or any other medical-related procedure.6. Block-grant Medicaid to the states. Nearly every state already offers benefits beyond what is required in the current Medicaid structure. The state governments know their people best and can manage the administration of Medicaid far better without federal overhead. States will have the incentives to seek out and eliminate fraud, waste and abuse to preserve our precious resources.7. Remove barriers to entry into free markets for drug providers that offer safe, reliable and cheaper products. Congress will need the courage to step away from the special interests and do what is right for America. Though the pharmaceutical industry is in the private sector, drug companies provide a public service. Allowing consumers access to imported, safe and dependable drugs from overseas will bring more options to consumers.",1,0,0.32759787480941516,3724,very long (2K+),uncertain (<0.4),False Negative (Fake->Real)
"“G#d d*mn America”: DISTURBING PHOTOS Illustrate Obama’s “Diplomacy” Failure In Iran Yes this massive protest against America just happened today! Thousands of Iranians burned the American flag and chanted slogans Wednesday as they marked the anniversary of the seizure of the U.S. Embassy in Tehran by militant students 36 years ago.The annual state-organized rally drew greater attention this year, as Iranian hard-liners look to counter moderate President Hassan Rouhani s outreach to the West following a landmark nuclear deal reached with world powers in July. An Iranian official also chose the occasion to announce the arrest of an unspecified number of allegedly pro-American writers.The hard-liners fear Rouhani s efforts to improve relations will pave the way for the United States to undermine and eventually dismantle the Islamic republic formed after the 1979 revolution.On Nov. 4, 1979, militant students stormed the U.S. Embassy compound and took 52 Americans hostage after Washington refused to hand over the toppled U.S.-backed shah, Mohammad Reza Pahlavi, for trial in Iran. The students held the hostages for 444 days, and the two countries have had no diplomatic relations since then.Protesters on Wednesday carried placards reading  political and security penetration is forbidden.  They pumped their fists in the air, shouting  God damn America,  and  No compromise, no surrender to U.S. Others carried banners rejecting U.S. fast food chains McDonald s and Starbucks. Authorities recently closed a newly opened knock-off of KFC, saying it was unlicensed.Hard-liners view fast food outlets and other American products as part of a  cultural invasion  by the U.S. aimed at undermining Islamic rule and public morality.Foreign firms are poised to return to Iran following the lifting of international sanctions under the nuclear deal, but it remains unclear whether American brands will be allowed in.Iran s state TV showed similar demonstrations in other Iranian cities to mark the occasion, known as the  National Day against Global Arrogance. Wednesday s rally in Tehran also saw State Prosecutor Ebrahim Raeisi announce that the intelligence department of the elite Revolutionary Guard had detained a number of writers. The intelligence and security forces identified and cracked down on a network of penetration in media and cyberspace and detained spies and writers hired by Americans,  he told the rally, without elaborating. Under no circumstances will we allow penetration of Americans in economic, social and cultural areas,  he added.Iran has arrested a number of activists, journalists and artists since Rouhani s 2013 election and currently holds four Iranians with U.S. citizenship, including a Washington Post reporter. Analysts say the arrests are the work of hard-liners in the judiciary and the security forces. Via: AP News",1,0,0.46579714159316604,2862,very long (2K+),borderline (0.4-0.6),False Negative (Fake->Real)
"Djokovic hoping Kyrgios can stop squandering his gifts SHANGHAI (Reuters) - World number one Novak Djokovic hopes Nick Kyrgios can learn some “life lessons” after the Australian was fined by the ATP Tour for breaching its code of conduct during a contentious defeat at the Shanghai Masters. The Australian was beaten 6-3 6-1 by Mischa Zverev in a second-round match on Wednesday in which he put in a series of half-hearted serves and appeared to be walking off court before the unseeded German had completed his shot. The 21-year-old, who has had a number of scrapes with tennis authorities over his behavior in the past, also clashed with spectators before being booed off the court and was subsequently fined $16,500 by the ATP for his behavior. Speaking at the same tournament on Thursday, Djokovic described Kyrgios as one of the greatest talents that the game has seen lately, and said he hoped the Australian would stop squandering his gifts. “He’s got huge potential, huge game,” Djokovic added. “I mean he’s been doing well, he’s around 15 in the world so you’ve got to give him credit for that, but on the other hand he obviously has life lessons to learn and he’s still relatively young and hopefully that is going to happen.” World number two Andy Murray said he would be happy to mentor Kyrgios. “If he ever wanted to talk to me or ask me anything, I would obviously be open to that. You don’t want to see young guys who are in the spotlight, struggling and making mistakes, doing things that ultimately hurt them,” the Briton told reporters. A contrite Kyrgios did apologize via Twitter a few hours after his defeat. “Not good enough today on many levels,” he wrote. “I’m better than that. I can go on about excuses but there are none. Sorry #StillAWorkInProgress.”  ",0,1,0.8840053301912593,1780,long (500-2K),confident (0.8+),False Positive (Real->Fake)
"PRESIDENT TRUMP Looking at Executive Action on Obamacare Remember during the effort to get Obamacare passed when Nancy Pelosi said: We ll go through the gate. If the gate s closed, we ll go over the fence. If the fence is too high, we ll pole vault in. If that doesn t work, we ll parachute in but we re going to get health care reform passed for the America people. (at 1:10 mark)Well, now if looks like President Trump might  parachute in  to get rid of Obamacare U.S. Senator Rand Paul said he spoke to President Donald Trump by phone about healthcare reform on Monday and told the president he thought Trump had the authority to create associations that would allow organizations to offer group health insurance plans.Paul, a Republican, told reporters that Trump was considering taking some form of executive action to address problems with the healthcare system after the Senate failed last week to pass a measure to reform the system.Allowing groups like AARP, which represents retirees, to form health associations could enable individuals and small businesses to form larger groups to negotiate with health insurance companies for lower rates.Via: Reuters ",1,0,0.04405664942765801,1165,long (500-2K),uncertain (<0.4),False Negative (Fake->Real)
"LOONY CALIFORNIA SECESSION Group Proclaims They’ve Opened An Embassy…In Russia [Video] California gained an embassy in Russia last weekend, at least in the eyes of those who have promised to seek a statewide vote on secession, nicknamed  Calexit,  in 2018.Louis Marinelli, a San Diego resident who is the leader of the group promoting an effort to turn the state into an independent country, organized the Moscow event that was publicized on social media. We want to start laying the groundwork for a dialogue about an independent California joining the United Nations now,  he said in an email Monday.Read more: LA Times",1,0,0.42082624831790183,621,long (500-2K),borderline (0.4-0.6),False Negative (Fake->Real)
"NORTH KOREA: Trump’s Recklessness Could Trigger All-Out Conflict on Korean Peninsula  21st Century Wire says Washington s muscle flexing seems to have taken on a life of its own as the shadow of US neocolonialism falls over much of the world with increasing intensity. In Syria, the US is lashing out, lawlessly, at the bastion of resistance that has been denying its objectives for almost seven years. Now, the US secretary of State, Rex Tillerson has declared that China should  exert much greater economic and diplomatic pressure  on North Korea to step away from its nuclear and missile programmes. Footage of a reported, massive  live fire  drill conducted by the North Koreans in April 2017 gives some indication of what the US might face if this  escalation  is magnified beyond recall, by the usual suspects at Fox News and CNN This report is from Peter Symonds of WSWS:In what amounted to a barely disguised threat, US Secretary of State Rex Tillerson yesterday declared that China had to  exert much greater economic and diplomatic pressure  on North Korea to abandon its nuclear and missile programs, if it  wants to prevent a further escalation in the region. In other words, if Beijing fails to rein in the Pyongyang regime, the US could resort to military measures.Tillerson s remarks followed a top-level meeting in Washington between him and US Defence Secretary James Mattis and their Chinese counterparts China s foreign policy chief Yang Jiechi and General Fang Fenghui, chief of the People s Liberation Army s joint staff department.Tillerson called on China to make greater efforts to halt  illicit  revenue streams to North Korea that allegedly help fund Pyongyang s military programs. Just last week, he told a congressional committee the Trump administration was  at a stage  where  we are going to have to   start taking secondary sanctions that is, penalise countries and corporations that engage in economic activities with North Korea.Unilateral  secondary sanctions  imposed by the US would, above all, fall on Chinese companies. China is, by far, North Korea s largest trading partner. US officials and the media have repeatedly accused Beijing of failing to do enough to choke off trade and finance with the Pyongyang regime. Any penalties against Chinese individuals or entities would quickly sour relations between the US and China.Just before the talks, US President Donald Trump signalled that time was running out for China to force North Korea to bow to US demands.  While I greatly appreciate the efforts of President Xi [Jinping] and China,  he tweeted on Tuesday,  it has not worked out. While Tillerson s remarks indicate the US continues to pressure China for action against North Korea, Trump s tweet is a warning that the US will resort to other measures including military action if there are no results.Asked about Trump s tweet, Defence Secretary Mattis told the joint press conference with Tillerson:  What you re seeing I think is the American people s frustration with a regime that provokes and provokes and provokes and basically plays outside the rules, plays fast and loose with the truth. Mattis denounced Pyongyang in particular for the death of Otto Wambier the American student imprisoned in North Korea who died on Monday after being flown back to the US last week. The Trump administration is considering a ban to prevent Americans from visiting Pyongyang. Three other US citizens are currently jailed in North Korea.The comments of Mattis and Tillerson suggest that relations with China could deteriorate rapidly, especially if North Korea conducts another nuclear test or a long-range missile launch. In comments to CNN, unnamed US officials claimed this week that satellite imagery showed new activity at North Korea s underground nuclear test site and suggested that a sixth nuclear detonation could be imminent.Ahead of yesterday s talks in Washington, US State Department officials indicated that Mattis and Tillerson would press their Chinese counterparts not only on North Korea, but a range of other sensitive issues, including the South China Sea and the so-called war on terrorism.Acting Assistant Secretary of State for East Asia, Susan Thornton, told Voice of America that  all parties should freeze any construction or militarisation of features  in the South China Sea a comment directed especially at China. Last month, the US navy carried out another provocative  freedom of navigation  operation, sending a guided missile destroyer within the 12-nautical-mile territorial limit claimed by China around one of its islets.Trade and economic issues were excluded from yesterday s US-China Diplomatic and Security Dialogue but remained just below the surface. During last year s presidential election campaign, Trump repeatedly denounced China s trade policies and threatened punitive trade war measures. In seeking Beijing s assistance to pressure Pyongyang, Trump suggested the US could make concessions on trade.Having tweeted that Chinese efforts have  not worked out,  the implicit threat is that the US could ramp up the pressure on China over trade.  What Trump is saying is, I don t need you on North Korea now, and therefore maybe we should have it out on these other issues, like trade,  analyst John Delury told the New York Times.China is reluctant to impose new sanctions that will cripple North Korea s economy and provoke a political crisis that could be exploited by the US and its allies. At yesterday s talks, Chinese officials reiterated Beijing s call for renewed negotiations based on a freeze by Pyongyang on its nuclear and missile tests and a freeze by Washington on its joint military exercises in South Korea. The US has flatly rejected the proposal.Above all, the threat of US military strikes against North Korea hangs over Asia. Earlier this week, the Pentagon again sent two B-1 strategic bombers on a mission over the Korean Peninsula in a provocative show of force. The US Navy has two aircraft carrier strike groups stationed in the area, with another on its way.Any US military action against North Korea threatens to trigger an all-out conflict on the Korean Peninsula that could draw in other powers, including China, with devastating consequences. The Trump administration s recklessness is underscored by the fact that it is engaged in an escalating confrontation in Syria that threatens to provoke a clash with Russia and Iran, even as it is ramping up tensions in North East Asia.***FOR MORE INFORMATION ON NORTH KOREA: 21WIRE NORTH KOREA FILESSUPPORT OUR WORK BY SUBSCRIBING & BECOMING A MEMBER @21WIRE.TV",1,0,0.008784310787393848,6620,very long (2K+),uncertain (<0.4),False Negative (Fake->Real)
"Georgia Teachers Fired for Pro-Trump Comments The DeKalb County Georgia School Superintendent, Stephen Green, has issued a warning to all teachers against making statements in support of President Donald Trump or his policies.  Since the warning was given, two teachers have already been forced to tender their resignation.Via World Net Daily: Green is now taking it a step further, warning teachers not to inject their personal beliefs into the classroom if they line up with those of the president of the United States.Green told a local newspaper, the Champion, that his Jan. 30 statement sought to grant students assurance that DeKalb County Schools officials remain committed to being  culturally responsive, diverse and supportive  of DeKalb County s immigrant population. Our schools will be safe places for learning and teaching,  he wrote in the statement.  We will not tolerate any form of bullying or discrimination on or off district property that interferes with learning or the rights of others. Apparently teaching jobs in some Georgia public schools now include furthering the superintendent s personal political views.(Source: The Gateway Pundit)",1,0,0.4477508311778869,1163,long (500-2K),borderline (0.4-0.6),False Negative (Fake->Real)
"VACATIONING LAME-DUCK OBAMA Ready To Announce Sanctions Against Russia The Obama administration plans to announce on Thursday a series of retaliatory measures against Russia for hacking into U.S. political institutions and individuals and leaking information in an effort to help President-elect Donald Trump and other Republican candidates, two U.S. officials said on Wednesday.Both officials declined to specify what actions President Barack Obama has approved, but said targeted economic sanctions, indictments, leaking information to embarrass Russian officials or oligarchs, and restrictions on Russian diplomats in the United States are among steps that have been discussed.One decision that has been made, they said, speaking on the condition of anonymity, is to avoid any moves that exceed the Russian election hacking and risk an escalating cyber conflict that could spiral out of control. One example of an excessive step might be interfering with Russian internet messaging.Russia has repeatedly denied hacking accusations. Trump has dismissed the assessments of the U.S. intelligence community.Obama, in an interview earlier this month with NPR, said,  We need to take action and we will  against Russia for interfering in the U.S. election.Trump seemed to suggest the United States should not impose sanctions on Russia. I think we ought to get on with our lives,  Trump told reporters in Florida on Wednesday when asked about remarks by Republican Senator Lindsey Graham, who said Russia and President Vladimir Putin should expect tough sanctions for the cyber attacks.Russia s Foreign Ministry spokeswoman, Maria Zakharova, promised retaliation on Wednesday against Washington in the event of new economic sanctions.Jim Lewis, a cyber security expert with the Center for Strategic and International Studies think tank, said further sanctions may be an effective U.S. tool in part because they would be difficult for Trump to roll back and because Russia  hates  dealing with them. For the rest of the world, it s like having  scumball  stamped on your forehead,  Lewis said.How to respond to the growing problem of cyber attacks carried out or sponsored by foreign powers has bedeviled Obama, whose eight years in office witnessed a torrent of major hacks against the U.S. government and private organizations that were attributed to China, North Korea, Iran and Russia.In past cases, administration officials have decided to publicly blame North Korea and indict members of China s military for hacking because they decided the net benefit of public shaming   and increased awareness brought to cyber security   outweighed potential risks.But determining an appropriate response to Russia s actions has proven more complicated in part because Russia s cyber capabilities are more advanced and due to fears about disrupting other geopolitical issues, such as the civil war in Syria.Obama may choose to invoke an April 2015 executive order that empowered him to levy sanctions in response to cyber attacks perpetrated by foreign groups targeting infrastructure, such as transportation, or done for economic purposes.Another option would be further economic sanctions against Russia. Washington has already sanctioned Russia over the past two years to punish Moscow for its role in annexing Crimea. But former U.S. officials say the existing measures leave Washington plenty of room to slap new, tougher sanction on Russia in response to cyber intrusions.  ReutersIn recent months, WikiLeaks and I personally have come under enormous pressure to stop publishing what the Clinton campaign says about itself to itself. That pressure has come from the campaign s allies, including the Obama administration, and from liberals who are anxious about who will be elected US President.On the eve of the election, it is important to restate why we have published what we have.The right to receive and impart true information is the guiding principle of WikiLeaks   an organization that has a staff and organizational mission far beyond myself. Our organization defends the public s right to be informed.This is why, irrespective of the outcome of the 2016 US Presidential election, the real victor is the US public which is better informed as a result of our work.The US public has thoroughly engaged with WikiLeaks  election related publications which number more than one hundred thousand documents. Millions of Americans have pored over the leaks and passed on their citations to each other and to us. It is an open model of journalism that gatekeepers are uncomfortable with, but which is perfectly harmonious with the First Amendment.We publish material given to us if it is of political, diplomatic, historical or ethical importance and which has not been published elsewhere. When we have material that fulfills this criteria, we publish. We had information that fit our editorial criteria which related to the Sanders and Clinton campaign (DNC Leaks) and the Clinton political campaign and Foundation (Podesta Emails). No-one disputes the public importance of these publications. It would be unconscionable for WikiLeaks to withhold such an archive from the public during an election.At the same time, we cannot publish what we do not have. To date, we have not received information on Donald Trump s campaign, or Jill Stein s campaign, or Gary Johnson s campaign or any of the other candidates that fufills our stated editorial criteria. As a result of publishing Clinton s cables and indexing her emails we are seen as domain experts on Clinton archives. So it is natural that Clinton sources come to us.We publish as fast as our resources will allow and as fast as the public can absorb it.That is our commitment to ourselves, to our sources, and to the public.This is not due to a personal desire to influence the outcome of the election. The Democratic and Republican candidates have both expressed hostility towards whistleblowers. I spoke at the launch of the campaign for Jill Stein, the Green Party candidate, because her platform addresses the need to protect them. This is an issue that is close to my heart because of the Obama administration s inhuman and degrading treatment of one of our alleged sources, Chelsea Manning. But WikiLeaks publications are not an attempt to get Jill Stein elected or to take revenge over Ms Manning s treatment either.Publishing is what we do. To withhold the publication of such information until after the election would have been to favour one of the candidates above the public s right to know.This is after all what happened when the New York Times withheld evidence of illegal mass surveillance of the US population for a year until after the 2004 election, denying the public a critical understanding of the incumbent president George W Bush, which probably secured his reelection. The current editor of the New York Times has distanced himself from that decision and rightly so.The US public defends free speech more passionately, but the First Amendment only truly lives through its repeated exercise. The First Amendment explicitly prevents the executive from attempting to restrict anyone s ability to speak and publish freely. The First Amendment does not privilege old media, with its corporate advertisers and dependencies on incumbent power factions, over WikiLeaks  model of scientific journalism or an individual s decision to inform their friends on social media. The First Amendment unapologetically nurtures the democratization of knowledge. With the Internet, it has reached its full potential.Yet, some weeks ago, in a tactic reminiscent of Senator McCarthy and the red scare, Wikileaks, Green Party candidate Stein, Glenn Greenwald and Clinton s main opponent were painted with a broad, red brush. The Clinton campaign, when they were not spreading obvious untruths, pointed to unnamed sources or to speculative and vague statements from the intelligence community to suggest a nefarious allegiance with Russia. The campaign was unable to invoke evidence about our publications because none exists.In the end, those who have attempted to malign our groundbreaking work over the past four months seek to inhibit public understanding perhaps because it is embarrassing to them   a reason for censorship the First Amendment cannot tolerate. Only unsuccessfully do they try to claim that our publications are inaccurate.WikiLeaks  decade-long pristine record for authentication remains. Our key publications this round have even been proven through the cryptographic signatures of the companies they passed through, such as Google. It is not every day you can mathematically prove that your publications are perfect but this day is one of them.We have endured intense criticism, primarily from Clinton supporters, for our publications. Many long-term supporters have been frustrated because we have not addressed this criticism in a systematic way or responded to a number of false narratives about Wikileaks  motivation or sources. Ultimately, however, if WL reacted to every false claim, we would have to divert resources from our primary work.WikiLeaks, like all publishers, is ultimately accountable to its funders. Those funders are you. Our resources are entirely made up of contributions from the public and our book sales. This allows us to be principled, independent and free in a way no other influential media organization is. But it also means that we do not have the resources of CNN, MSNBC or the Clinton campaign to constantly rebuff criticism.Yet if the press obeys considerations above informing the public, we are no longer talking about a free press, and we are no longer talking about an informed public.Wikileaks remains committed to publishing information that informs the public, even if many, especially those in power, would prefer not to see it. WikiLeaks must publish. It must publish and be damned.",1,0,0.20256682194199585,9902,very long (2K+),uncertain (<0.4),False Negative (Fake->Real)
"CNN HOST Doesn’t Recognize Star Spangled Banner…Tells Viewers To Listen To French National Anthem When reporting on President Donald Trump s meeting with French President Emmanuel Macron on Thursday, a CNN host embarrassingly mistook the  Star Spangled Banner  for the French national anthem. [0:25]Harlow was pointing out how fighting the Islamic State is a key factor of America s relationship with France when the band started playing the anthem in the background. Let s just listen in to the French national anthem for just a moment,  Harlow said, directing viewers to the scene of the two presidents.  The Washington Free Beacon ",1,0,0.23048560385357342,634,long (500-2K),uncertain (<0.4),False Negative (Fake->Real)
"Instant View: Senate plan delays corporate tax cut, won't repeal Obamacare mandate (Reuters) - U.S. Senate Republicans’ version of a tax cut bill will delay corporate rate cuts by one year to take effect in 2019, and will not include a repeal of Obamacare’s individual mandate, Republican Senate Finance Committee member Bill Cassidy said.  Story: [L1N1NF1MP] GARY BRADSHAW, PORTFOLIO MANAGER OF HODGES CAPITAL MANAGEMENT IN DALLAS “I do think the market would like to see this tax cut and if it’s delayed, certainly it is going to have a big effect on small caps, they are probably off the most.” “I think the market is anticipating that we get this tax cut through, that it would really drive earnings. You look at S&P earnings next year projected to be about $145, you get a tax cut it would probably be (a little above $150). If we don’t have that, earnings are going to be tempered some. Obviously a little of the tax cut has been in the market already and if it’s delayed some of that good news is coming out.” MICHAEL O’ROURKE, CHIEF MARKET STRATEGIST, JONESTRADING, GREENWICH, CONNECTICUT: “That was the catalyst for the recent leg down,” he said, referring to the headlines that the Senate tax proposal will delay the corp tax rate cut to 2019.  “Making sure we don’t drive the deficit too much higher is going to be key here. That makes sense why they would push the corporate tax cut back. But at the same time, we’re not getting to the point where we have a plan that seems workable yet. “The market is due for a breather. It’s been a year since the election. We’ve gone up 22 percent on hopes of what the Trump agenda would bring, and while they’re trying to work toward this thing, they haven’t really accomplished much yet. If progress is not made, the equity market should either pause or correct until meaningful progress is made.” RICK MECKLER, PRESIDENT OF INVESTMENT FIRM LIBERTYVIEW CAPITAL MANAGEMENT IN JERSEY CITY, NEW JERSEY “Investors view the corporate tax cut as central to higher near-term stock prices. Once you delay it, the more time that goes on the more further changes can happen. This has been a bit of an emotional roller coaster for investors. “You’re starting to see some divergence between House, Senate and White House, all three of which are controlled by Republicans. That suggests that whatever is agreed to will probably look quite a bit different if its signed into law. “The sell off is a quick reaction to how much uncertainty is ahead when it comes to significant corporate tax change.” JOE SALUZZI, CO-MANAGER OF TRADING AT THEMIS TRADING IN CHATHAM, NEW JERSEY  “Nervous Nellies are going to read the headlines, I have the feeling we are going to be headline driven until they finish this thing off, whenever that may be. If it is a market that has been based on tax cuts, or a good chunk of the rally has been, you would expect it to pullback if there is a potential breakup in the talks or a delay. It looks like this last leg was based on a delay of potentially a year on the Senate side. So totally expected you would see that. But I would also expect it to rip right back if all of a sudden they come out and say they are making progress.  “Other than that there is really nothing fundamentally changed. Nothing new today, economic numbers - nothing was really out of line. It is certainly tax driven. If there is a decent headline that comes out by the end of the day we will rally right back. Maybe people are not nervous, they shouldn’t be, but I hope there is no complacency in the market, I am always worried about that. But I don’t see this as a big deal yet.”  SUBADRA RAJAPPA, HEAD OF U.S. STRATEGY, SG CORPORATE & INVESTMENT BANKING, NEW YORK “In the bond market, we reacted initially to the selloff in Europe. Now we are giving some of it back because of the concerns about the implementation of the tax plan. The difference between House and Senate plans have be reconciled. They have to make the math work with the agreed upon $1.5 trillion projected addition to the deficit. They feel the better start for the corporate tax cut is 2019. We saw some pressure on the high yield spreads the past few sessions with evaluations being frothy. This combined with the tax plan have put some downward pressure on yields. The news on the tax front hasn’t been very positive. The devils are always in the details. There’s a bit more worry about which of the proposals will get though and how. I personally think they would have trouble to get through reconciliation in such short order.” PARESH UPADHYAYA, DIRECTOR OF CURRENCY STRATEGY AT AMUNDI PIONEER INVESTMENT MANAGEMENT, BOSTON “I think the markets are getting a bit jittery over details of the plan as it looks like it is going to be pushed off another year. The initial reaction is disappointment over the Senate plan. Of course that’s not going to be the final plan, but the initial reaction is certainly negative for the dollar. “The momentum of the dollar has been hit on concerns about the tax plan, that this could take longer than people had expected. That’s why the dollar momentum seems to have stalled.” STOCKS: U.S. stocks extended losses in mid-day trading. The Dow Jones Industrial Average .DJI fell 227.01 points, or 0.96 percent, to 23,336.35, the S&P 500 .SPX lost 25.34 points, or 0.98 percent, to 2,569.04 and the Nasdaq Composite .IXIC dropped 94.96 points, or 1.4 percent, to 6,694.16. BONDS: Benchmark 10-year notes US10YT=RR last fell 2/32 in price to yield 2.3239 percent, from 2.317 percent late on Wednesday. The 30-year bond US30YT=RR last fell 14/32 in price to yield 2.8051 percent, from 2.784 percent late on Wednesday. FOREX: The dollar index .DXY fell 0.45 percent, with the euro EUR= up 0.48 percent to $1.1649.",0,1,0.9808757893947063,5758,very long (2K+),confident (0.8+),False Positive (Real->Fake)
"Five Things To Look Out For With Trump’s Pentagon 21st Century Wire says Although he had some great ideas on the campaign trail, still expect the war hawks and Israeli Lobby instruments like John Bolton, Tom Cotton, and Rudy Giuliani to gradually nudge the new President and his administration, in a concerted attempt to try and reshape Trump s relatively common sense campaign foreign policy directives  Kristina Wong and Rebecca Kheel The HillDonald Trump s election was as much a surprise to the defense world as it was to much of the nation. Here are five key things the Pentagon can expect from Trump. 1. Rising spendingTrump has called for a much bigger military and some experts think he could increase defense spending by 20 percent, from $583 billion in 2017 to nearly $700 billion.While that may sound like a lot, it is in line with what the Obama administration projected for 2012 before the Pentagon was hit with sequestration   mandatory budget caps imposed by the 2011 Budget Control Act.Trump has called for increasing the size of the active duty Army from 475,000 to 540,000 troops, and the Marine Corps from 24 to 36 battalions. He wants to build a 350-ship Navy, have 1,200 fighter aircraft in the Air Force and increase missile defense.Trump has pledged to lift limits on spending from the 2011 budget bill, something that would require action by Congress and could be difficult. The limits are in place until 2021.The Congress is controlled by the GOP, but not all Republicans are in favor of more military spending.Increasing defense spending could also increase the deficit, something Trump and the GOP are loathe to do. He separately wants to cut taxes, including for the wealthy, would could add to deficit concerns.2. Targeting ISISTrump has said he would  aggressively pursue  military operations to  crush and destroy  the Islamic State in Iraq and Syria, but what that would entail is far from clear.By the time Trump takes office on Jan. 20, offensives to retake ISIS s strongholds in both countries will be underway, but the terrorist group is expected to continue waging an insurgency in both places even if they fall.Trump would likely seek cooperation with Russia in Syria to defeat ISIS, but it s not clear what that would mean. Russia began an air campaign there in September 2015, but has been hitting anti-regime rebels supported by the U.S., as well as civilians.Trump has also called for international cooperation to cut off ISIS s funding, expanding intelligence sharing, and cyberwarfare to disrupt its propaganda and recruiting. Trump has said he would also  decimate  Al Qaeda.3. Syria and AfghanistanNearly 500,000 people have been killed and 11 million displaced by the Syrian war, an intractable problem for President Obama.Trump has suggested that Syria President Bashar al-Assad is better than the  alternative,  which would be the coalition of anti-regime rebels that include U.S.-backed moderates as well as extremists. At the same time, Trump has said he would build safe zones in Syria, in order to stop the flow of refugees into Europe.Those two goals are somewhat contradictory, as Syria and Russia have a broad definition of  terrorists  and have been hitting those civilians the safe zones would protect. U.S. defense officials and experts say implementing safe zones would mean war with Syria, and possibly Russia.Trump s future policy in Afghanistan, where the U.S. has 9,800 troops, is also unclear.Before his bid for presidency, he had called for withdrawing troops, and criticized efforts to nation-build in the country. He reiterated that sentiment earlier this year, saying at a rally in August that he would end  the era of nation building. However, with the Taliban making a comeback, and al Qaeda and ISIS militants also trying to build safe havens, there will be pressure for Trump to maintain U.S. troops in Afghanistan.4. Closer ties with Russia?U.S. relations with Russia could improve under Trump.Trump has said he could meet with Russian President Vladimir Putin before he takes office in January, and repeatedly complimented him during the campaign.His statements on Russia s invasion of the Ukraine territory in Crimea and his refusal to blame Russia for cyber hacks against U.S. political institutions has unnerved people in both parties.It s possible Trump won t change policy toward Russia.Vice President-elect Indiana Gov. Mike Pence (R) took a much harder line against Russia during the campaign, suggesting during the vice presidential debate that the U.S. Could take military action against Russia in Syria.Trump will likely face staunch opposition to cozier relations from Congress from key Republicans such as Sen. John McCain (Ariz.).Senate Foreign Relations Committee Chairman Bob Corker (R-Tenn.), whose name has been floated for secretary of State under Trump, has been highly critical of Russia s role in Syria.Some experts say although Trump may seek to actively engage Russia, cooperation would likely be based on what s mutually beneficial. He is a deal maker so he s going to want things in return for giving Russia what it is seeking,  said Paul Schwartz, defense analyst at the Center for Strategic and International Studies.Trump s win also puts the future of the 67-year-old NATO alliance in question at a time when lawmakers are working on bulking up the eastern flank to deter an increasingly aggressive Russia and finding ways to combat hybrid warfare, cyber attacks and terrorism.Trump called NATO obsolete multiple times over the course of the campaign, saying it should do more to fight terrorism. Trump also said he would look at whether NATO allies have  fulfilled their obligations to us  before deciding whether to defend them if they are attacked.Just five of 28 members meet the goal of spending 2 percent of their gross domestic product on defense: the United States, the United Kingdom, Greece, Estonia and Poland.Michael O Hanlon, a senior fellow at the Brookings Institution, said there are a few paths Trump could take to fulfill his campaign promise.In one scenario, Trump could immediately pull out of commitments to defend countries that aren t meeting their 2 percent obligations.Trump could also make deals with such countries that give them a few years to meet the goal.5. Guantanamo staysWith President Obama unlikely to fulfill his pledge to close the Guantanamo Bay detention facility by Jan. 20, Trump will inherit the facility and almost certainly keep it open Continue this story at The HillREAD MORE ELECTION NEWS AT: 21st Century Wire 2016 Files",1,0,0.14619591043939484,6572,very long (2K+),uncertain (<0.4),False Negative (Fake->Real)
"BREAKING: Trump Reportedly Considering Ted Cruz For Top Cabinet Position Ted Cruz would be fair, honest and most of all, he would follow the law. He would hands down be one of the best choices for this position President-elect Donald Trump is considering nominating Texas Senator Ted Cruz to serve as U.S. attorney general, according to a person familiar with the matter.Cruz, 45, was at Trump Tower in New York on Tuesday. When approached by reporters on his way out, Cruz said the election was a mandate for change but didn t say he was under consideration for a job.Cruz unsuccessfully sought the Republican presidential nomination. He and Trump were at odds during the primary, viciously attacking one another. Trump nicknamed Cruz  Lyin  Ted.  Cruz didn t endorse Trump during a speech at the Republican National Convention in Cleveland. In September, relations between the two men seemed to improve when Cruz said he would vote for Trump.Asked for comment, Cruz spokeswoman Catherine Frazier said:  Cruz is focused on serving Texans in the Senate. He was there today to offer help in promoting the conservative policies that were campaigned on and that he s long fought for. Trump sent out this tweet today:Very organized process taking place as I decide on Cabinet and many other positions. I am the only one who knows who the finalists are!  Donald J. Trump (@realDonaldTrump) November 16, 2016Former New York Mayor Rudy Giuliani was initially discussed as a potential attorney general but now is being discussed as a possible secretary of state pick.   Bloomberg",1,0,0.007120630235888871,1571,long (500-2K),uncertain (<0.4),False Negative (Fake->Real)
"2012: JUSTICE KENNEDY READ A SCATHING DISSENTING OPINION ON OBAMACARE…Why He May Be The Vote That Saves Obamacare Today Whether federal spending legislation crosses the line from enticement to coercion is often difficult to determine, and courts should not conclude that legislation is unconstitutional on this ground unless the coercive nature of an offer is unmistakably clear. In this case, however, there can be no doubt.   Justices Scalia, Kennedy, Thomas, and AlitoJustice Anthony Kennedy was furious when a majority on the U.S. Supreme Court upheld President Barack Obama s healthcare law. As he read the dissenting opinion from the bench three years ago, his anger was palpable. The majority regards its opinion  as judicial modesty,  he declared.  It is not. It amounts instead to a vast judicial over-reaching. That was Kennedy on June 28, 2012.Now, as the country awaits a ruling in the second major challenge to Obama s signature Affordable Care Act, a question is whether the justice who was the voice of the opposition then could provide the critical fifth vote to uphold the law on the nine-justice court now.At stake are the tax-credit subsidies that have helped low- and moderate-income Americans obtain health insurance. The challengers say the government unlawfully extended those subsidies to states that did not create local insurance exchanges but instead relied on the federal exchange. If the court strikes down the subsidies, millions of Americans in at least 34 of the 50 states could lose coverage.Five years after its passage, the Affordable Care Act has become ingrained in American life even as it remains politically divisive.  This is now part of the fabric of how we care for one another,  Obama, a Democrat, declared in a speech last week. Republicans have called for repeal and among the related lawsuits simmering in lower courts is a dispute brought by Republicans in the U.S. House of Representatives over Treasury Department payments to healthcare insurers.IMPOSSIBLE TO PREDICTIn the case before the court, the unique issue along with Kennedy s record and his comments in oral arguments raise the possibility he will join the four liberal justices to endorse the law. Three years ago, his fellow conservative Chief Justice John Roberts cast the swing vote with the liberals to uphold the law. It marked a rare episode when Kennedy, the usual key justice on this divided bench, did not control the outcome of a momentous case.It is impossible to predict with confidence how the court will resolve the case, King v. Burwell. A ruling is anxiously awaited by officials in Washington and the insurance and healthcare industries nationwide.What is known: Two days after the March 4 oral arguments this year, the justices, per their usual practice, took a vote in a small conference room off Chief Justice Roberts  chambers. The most senior justice on the winning side then assigned the opinion for those in the majority; the senior justice on the dissenting side tapped a writer for the main dissent. Drafts of dueling opinions began circulating among the chambers.In this conversation through memos, the justices will sharpen their arguments, sometimes compromising in reasoning and rhetoric to keep a majority together. Those in dissent similarly hone their retorts. The process is shrouded in secrecy, and the public will only know who is writing which opinion when they are issued.For King v. Burwell, the decision could come down as soon as Monday morning, when the justices next take the bench. It is more likely to be issued later this month. The toughest disputes tend to be resolved right up against the traditional end-of-June deadline for the court s nine-month session. Among the 20 awaited cases is also the question of whether the U.S. Constitution guarantees a right to same-sex marriage.A PIVOTAL POSITIONOn healthcare, either Kennedy or Roberts could tip the balance. Yet the 78-year-old Kennedy, appointed to the bench in 1988 by Republican President Ronald Reagan, may be in a more pivotal position based on his respect for state sovereignty and concern for the practical consequences of a decision.While the 2012 dispute posed a broad-ranging constitutional challenge to the individual insurance mandate before it even took effect, this one turns on a mere four-word clause allowing tax credits for insurance purchased through exchanges  established by the state. The challengers, libertarian lawyers who were among those who lodged the 2012 attack, say that means that the subsidies are not available to people who have bought insurance through federally facilitated exchanges, which vastly outnumber state-run exchanges. The Obama administration contends the law, taken as a whole, makes clear that Congress, when it passed the law, intended the subsidies to apply to all exchanges.During oral arguments Justice Kennedy suggested the challengers  view of the law could put unconstitutional federal pressure on states, because if they failed to set up exchanges, they would lose subsidies:  The states are being told either create your own exchange or we ll send your insurance market into a death spiral,  he said.Kennedy also does not rigidly interpret the words of a statute. He considers how a decision may play out, and he noted that if  people pay mandated taxes  and are denied tax credits,  the cost of insurance will be sky-high. Still, Kennedy may harbor skepticism about the law known as Obamacare, and he acknowledged during arguments the possibility that the challengers could  prevail on the plain words of the statute. Via: Reuters",1,0,0.030416961311001304,5602,very long (2K+),uncertain (<0.4),False Negative (Fake->Real)
"BREAKING: GEN MICHAEL FLYNN RESIGNS After Close Friend Steve Bannon Reportedly Offered These 4 Words Of Advice Michael Flynn resigned as President Donald Trump s national security adviser Monday night, amid a growing scandal over his contacts with Russian officials.The White House announced the resignation after days of uncertainty about Flynn s fate after reports that he d obfuscated the details of his conversations with Russian officials to Vice President Mike Pence and other administration officials.Trump administration officials, including chief White House counsel Don McGahn, were briefed last month on Flynn s apparent misstatements about his discussions with the Russians. Yates was dismissed a few days later   after refusing to enforce Trump s travel ban executive order   but a source familiar with the situation said her briefing on Flynn did not appear to play a role in her firing.The Washington Post was the first to report the briefing Monday. The White House announced Flynn s resignation shortly afterward. In the course of my duties as the incoming National Security Advisor, I held numerous phone calls with foreign counterparts, ministers, and ambassadors. These calls were to facilitate a smooth transition and begin to build the necessary relationships between the President, his advisors and foreign leaders. Such calls are standard practice in any transition of this magnitude,  Flynn wrote in his resignation letter. I inadvertently briefed the Vice President Elect and others with incomplete information regarding my phone calls with the Russian Ambassador. I have sincerely apologized to the President and the Vice President, and they have accepted my apology,  Flynn added.Keith Kellogg, the National Security Council chief of staff, will step in as the acting national security adviser and head of the National Security Council. Retired Army Gen. Barry McCaffrey, who has known Kellogg for decades, said early Tuesday that he is a  good man  who was among the earliest Trump loyalists.Flynn, long a controversial figure in the national security establishment, was widely disliked by Trump s more establishment aides, who said he fueled Trump s conspiracy theories and distrust of the intelligence community. But he had maintained Trump s support, as the president believed he was loyal and had insight into military affairs. He was also particularly close to Stephen Bannon, the president s top strategist and a philosophical and strategic adviser with a vast sway on the presidency.Over the weekend, Bannon pulled Flynn aside for a conversation, according to a White House official. Gannon, who had supported Flynn amid turmoil, told him he should  do the right thing  and resign, this official said.The White House has already begun canvassing for Flynn s permanent replacement. Retired Gen. David Petraeus is scheduled to meet with Trump at the White House on Tuesday, according to people familiar with the plans.Petraeus was briefly considered for secretary of state during the transition but was passed over in part because of his 2015 conviction for mishandling classified information.Trump has long admired Petraeus and sought his counsel.  Trump likes him, he respects him,  said a person close to Trump.Petraeus did not respond to an email seeking comment.For entire story  Politico",1,0,0.04134204915206188,3327,very long (2K+),uncertain (<0.4),False Negative (Fake->Real)
"UN NEWS AGENCY SCRUBS TWEET Calling On Americans Abroad To ‘Stop Trump’ The United Nations News Centre   the official U.N. news service   tweeted, then quickly pulled, a post that called for  8 million Americans abroad  to  stop Trump. The tweet, published at 9:14 p.m. ET on Thursday, urged American expats to share a voter registration tool on the website of the activist organization Avaaz that states,  U.S. Citizens abroad could defeat Trump   if they voted. The Web page, titled  The October surprise that will end Trump,  allows users to sign up for help registering to vote in the Nov. 8 presidential election and encourages them enlist their friends as well.  At a time when Trump is trying to divide us, we could help defeat him if we all share this page with EVERYONE. Let s reach every US voter abroad,  it reads. The tweet was deleted within 20 minutes, without explanation. Ari Gaitanis, chief of the U.N. News Services Section, which oversees the twitter account, said it was a mistake. Read more: Politico",1,0,0.08541225233714744,1021,long (500-2K),uncertain (<0.4),False Negative (Fake->Real)
"A Picture and its Story: Reaching out to rescue a Rohingya woman PALONG KHALI, Bangladesh (Reuters) - Hannah McKay was on her first foreign assignment, just three months after joining Reuters, photographing Rohingya Muslims in refugee camps in Bangladesh. Then she and other photographers heard around 5,000 more people were heading to the area, trying to find their way across the border from neighbouring Myanmar. Here is her account of what happened next:  We were standing, looking out over paddy fields and grasslands   lots of water and one thin path leading to the border with Myanmar.   In the distance we could see a huge group of people. But they weren t moving. It was 4 o clock in the afternoon with only two hours left of daylight. So we decided to move towards them.   It took us about an hour along the muddy path, meeting border guards and persuading them to let us pass. Then we saw thousands of refugees just sitting there, with more Bangladeshi border guards telling us to go back.  We could see something was going on behind the crowd. So we waited for an opportunity to move closer, and that s when we saw them.   The crowd was sitting on a riverbank and behind them, about three meters below, in the river itself, there were just hundreds of refugees coming across every minute. It was non-stop. There was no end to the people. People carrying babies. Elderly people being escorted through the water and mud, more than knee-deep.  And we were just photographing everyone coming towards us.   Then this woman appeared. She got to the point where she needed to get up to the footpath where we were. But she was just exhausted. She didn t have anything left to get herself up. Two refugee men on her level were trying to push her up, which was when we reached out to help. Another Reuters photographer, Adnan Abidi, took a hand. Another photographer took another and I got her leg when she got within range. It was a case of dragging her.  She lay there for a few minutes and then, I have no idea what happened to her. There were so many people around and it was chaos.  We decided to get down into the river to get a different view. And it was so difficult   even for us who had some energy to spare. All the people around us had been walking for days. When I got back to the bank, I found I had nothing to hold onto, with two cameras weighing me down. That s when two refugee men reached out with their hands and pulled me on to the bank. I kept saying  Thank You , but they didn t understand.  It was overwhelming and made me think of the woman we had pulled out.   You are there trying to do your job with a camera in your hand. And then your heart overrules your head. I had been in the camps, where everything was quite settled. But then I saw the real chaos and the refugees  desperate situation. You hear about it. But seeing it is a completely different thing.  Related photo at reut.rs/2yp96R4 ",0,1,0.9968519203227073,2923,very long (2K+),confident (0.8+),False Positive (Real->Fake)
"THE FUTURE BELONGS To AI And Whoever Masters It First Will Rule The World While all eyes are on North Korea and Melania s stilettos RT  Competition for superiority in Artificial Intelligence at national level will  most likely  cause World War Three, billionaire entrepreneur Elon Musk has said, warning that an AI may deem first use its best chance of winning. China, Russia, soon all countries with strong computer science. Competition for AI superiority at national level most likely cause of WW3,  Musk tweeted.China, Russia, soon all countries w strong computer science. Competition for AI superiority at national level most likely cause of WW3 imo.  Elon Musk (@elonmusk) September 4, 2017It will likely not even be the countries  leaders that start the war, Musk elaborated, but  one of the AI s, if it [AI] decides that a pre-emptive strike is most probable path to victory. May be initiated not by the country leaders, but one of the AI's, if it decides that a prepemptive strike is most probable path to victory  Elon Musk (@elonmusk) September 4, 2017The SpaceX founder says he doubts that North Korea can launch its own nuclear strike. He believes that Pyongyang  launching a nuclear missile would be suicide for their leadership, as South Korea, [the U.S.] and China would invade and end the regime immediately. NK launching a nuclear missile would be suicide for their leadership, as SK, US and China wd invade and end the regime immediately  Elon Musk (@elonmusk) September 4, 2017 ",1,0,0.2123528431899389,1497,long (500-2K),uncertain (<0.4),False Negative (Fake->Real)
"CIA official tells jury about day 'all hell broke loose' in Benghazi WASHINGTON (Reuters) - A CIA operative told a jury on Tuesday about the terror he experienced in 2012 when militants attacked the U.S. diplomatic compound in Benghazi, Libya, and described how he recovered the body of U.S. Ambassador to Libya Christopher Stevens. The operative, who testified in what the judge described as  light disguise  under the pseudonym  Alexander Charles,  was the latest witness to appear in the trial of Ahmed Abu Khatallah, who is accused of orchestrating the Sept. 11, 2012, attack that killed Stevens and three other Americans. Charles said  all hell broke loose  shortly after he arrived at the CIA annex in Benghazi, which came under mortar fire. The mortars killed Glen Doherty and Tyrone Woods, and gravely injured two other Americans.  You could feel the whole ground shaking,  Charles said, describing the attack.  Big blocks of cement (were) falling.  He added that he thought it would be his  last night on this Earth.  Had the attacks continued, he said, he and the others would have been  buried alive.  Khatallah was captured in 2014 in Libya by a team of U.S. military and FBI officials and taken to the United States aboard a Navy vessel.  The charges he faces include murder and providing material support to terrorists. Prosecutors say he helped organize the attacks, though he did not physically participate himself. He has pleaded not guilty. Since the trial opened last week, jurors have heard emotional testimony from State Department and CIA officials, offering a detailed behind-the-scenes look at what happened that night. A Bureau of Diplomatic Security agent last week told a harrowing story of how he tried to save Stevens and State Department staffer Sean Smith as they crawled on their bellies through thick black smoke. On Tuesday, Charles talked about how he helped put Doherty and Woods  bodies onto a truck waiting outside the annex, and how they worked to save State Department staffer David Ubben, whose leg was nearly blown off. Because he spoke Arabic, Charles was also able to recover another American s body, after he said that by  divine intervention,  he overheard a Libyan security official who was standing nearby ask other revolutionaries:  Should we tell him about the dead American in the hospital?  Charles said he approached the man and asked who he was referring to. About 15 minutes later, a body was delivered via ambulance in a body bag. Charles said he unzipped the bag, looked down and saw the ambassador s face. ",0,1,0.8546635354553548,2564,very long (2K+),confident (0.8+),False Positive (Real->Fake)
"EGYPTIAN COURT SENTENCES MUSLIM BROTHERHOOD LEADER AND 13 OTHERS TO DEATH AND LEADER’S “Peaceful” U.S.-Egyptian Brother To Life In Prison But wait wasn t the Muslim Brotherhood s Arab Spring (Sharia Law for all Egyptians) supposed to be a good thing? An Egyptian court sentenced Mohamed Badie, leader of the outlawed Muslim Brotherhood, and 13 other senior members of the group to death for inciting chaos and violence, and gave a life term to a U.S.-Egyptian citizen for ties to the Brotherhood.The men were among thousands of people detained after freely elected Islamist president Mohamed Mursi was toppled in 2013 by the military under Abdel Fattah al-Sisi, who is now president.Sisi describes the Brotherhood as a major security threat. The group says it is committed to peaceful activism and had nothing to do with Islamist militant violence in Egypt since Mursi s fall following mass protests against his rule.Egypt s mass trials of Brotherhood members and people accused of links to the group, as well as its tough crackdown on Islamist and liberal opposition alike, have drawn international criticism of its judicial system and human rights record.The sentences, pronounced at a televised court session on Saturday, can be appealed before Egypt s highest civilian court in a process that could take years to reach a final verdict.U.S.-Egyptian citizen Mohamed Soltan was sentenced to life in jail for supporting the veteran Islamist movement and transmitting false news. He is the son of Brotherhood preacher Salah Soltan, who was among those sentenced to death.Mohamed Abdel-Mawgod, one of the defense lawyers, condemned the verdicts.  The court did not differentiate between the defendants and put them all in the same basket,  he told reporters at the courthouse. None of the defendants were present during the hearing.Badie is the Brotherhood s General Guide and has already been sentenced to several death and life sentences. His deputy Khairat El-Shater was given a life sentence on Saturday. OPERATIONS ROOM  TRIALRights groups say Egypt, where a popular uprising toppled veteran autocrat Hosni Mubarak in 2011 and started years of political turmoil, is now cracking down on all dissent. Sisi says stability is needed to revive the shattered economy.Rights advocates have criticized a U.S. decision to end a freeze on military aid to Cairo, saying Washington is putting human rights on the backburner. The United States has said the decision to end the freeze was in the interest of national security.Mohamed Soltan, 27, arrested in August 2013, had been on hunger strike while in prison. He deserves the punishment because of the money and instructions from the Brotherhood which were found with him, and for spreading chaos and horror in society,  presiding Judge Mohamed Nagi Shehata told reporters.Sara Mohamed, a relative of the Soltan family, said they would appeal the verdict.  It was a farce trial of the first class None of the defendants attended the session,  she told Reuters by phone.A website calling for Mohamed Soltan s release says he was not a member of the Brotherhood, describing him as a U.S.-educated peace activist who was involved in youth events and charities. The website shows pictures of him lying emaciated on a stretcher while in detention.Saturday s case was known in local media as  The Rabaa Operations Room  trial. This is in reference to a sit-in at Rabaa square in 2013 in which hundreds of people protesting at the overthrow of Mursi were killed when security forces tried to clear the area by force.Cairo has defended its actions, saying it had given protesters the opportunity to leave peacefully and that armed elements within the Brotherhood initiated the violence.Saturday s session sentenced 51 people. Those who were not sentenced to death were given a life sentence. The long list of charges included leading and funding an outlawed group, overturning the constitution and planning to spread chaos, a court source said.Via: Reuters",1,0,0.007773583109785722,3993,very long (2K+),uncertain (<0.4),False Negative (Fake->Real)
"Trump, aiming to offset money disadvantage, escalates Clinton attacks WASHINGTON/NEW YORK (Reuters) - Donald Trump this week took his use of sordid accusations against Democrat Hillary Clinton to levels unprecedented in modern U.S. presidential campaigns, in the latest example of the Republican’s unorthodox playbook. The presumptive Republican nominee is working to gain stronger footing and offset a big advantage Clinton is likely to have ahead of the Nov. 8 presidential election: a huge campaign war chest that she and her allies intend to use to launch a barrage of attacks against him.  Trump is using the same strategy he used repeatedly during the Republican nomination fight against rivals like Ted Cruz: making incendiary statements that U.S. television networks cannot resist covering, giving him hours of free media and putting his opponents on the defensive.  The strategy may already be working. Trump has raised more than a few eyebrows with his latest round of attacks against Clinton. He has turned history into headlines that play like a virtual reel in the 24-hour news world of cable TV and the internet. Trump’s campaign manager, Corey Lewandowski, said the strategy makes sense. “Clearly, she’s going to have massive amounts of money,” Lewandowski told Reuters. “The difference is Mr. Trump has funded his campaign. What we’ve been able to do in this campaign cycle is to generate earned media based on Mr. Trump’s ability to be a straight talker, and genuine and authentic, and I think that’s what drives the news cycle.” Trump’s latest salvos include a rape accusation against former President Bill Clinton dating to the 1970s and the suicide of an aide to the former president in 1993 - events that the campaign links to Hillary Clinton. An online video released by Trump has various women accusing the former president of rape or unwanted sexual advances. Trump accused Hillary Clinton of helping to silence the women. The Clintons and their supporters have dismissed the charges as baseless and politically motivated. Then, in an interview with The Washington Post, Trump suggested that the Clintons may have been involved in the 1993 death of Vince Foster, a former aide to Bill Clinton and a friend of Hillary Clinton, even though more than five investigations, including one conducted by Republican special prosecutor Kenneth Starr, concluded that Foster committed suicide in a Virginia park. Trump was alluding to theories over the years that have been circulated in tabloid publications, in the depths of the internet and in books by the Clintons’ foes. On Wednesday, Trump’s campaign accidentally sent an email to a reporter at Politico revealing that the Republican plans to next attack Clinton regarding Whitewater, a real estate scandal that plagued Bill Clinton’s administration. No wrongdoing by the Clintons was ever proven. The attacks have put Hillary Clinton on her back foot. Trump “just continues to gobble news cycle after news cycle,” said Republican pollster Kellyanne Conway, who ran the Super PACs that backed Senator Ted Cruz in the primary and aggressively attacked Trump. “Clinton is spending less time campaigning about the future and more time explaining the past than she would probably like.”  The barrage puts Clinton in a bind. So far, she has opted to ignore Trump’s personal attacks and her campaign has offered general pushback. But Clinton risks the negative onslaught dragging down her standing with the public and irreversibly damaging her general election hopes. “I played a lot of hardball in my life, but I don’t envy what the Clinton campaign is up against here. Trump himself has totally changed the political dynamic,” said Jim Manley, a Democratic strategist who supports Clinton. “What they can’t afford to do is get in the gutter with the guy. He has absolutely no morals or scruples. Getting into the gutter with him is an absolute waste of time.” Clinton’s campaign and the Super PACs supporting her will not be without funds to try to combat the attacks and launch her own. At the end of April, she had $30 million in her campaign account, compared with Trump’s $2 million.  And the PAC supporting her, which can raise and spend unlimited amounts of money, had $46 million at the end of April - a total that is likely to grow over the summer. The PAC backing Trump is just getting off the ground. Clinton will also depend on an army of surrogates to try to combat Trump without having to respond to him herself.  Trump has already proven he can dispatch opponents without spending much money by defining them to voters through aggressive appearances on news programs.  Republican rival Jeb Bush had a more than $100 million advantage going into the primary. But Trump painted him as “low energy” and defined him as inept, a characterization Bush’s money was never able to overcome. The PACs backing Republican Senators Marco Rubio and Ted Cruz spent millions assailing Trump. Trump was able to leverage extensive coverage of his campaign by the media to combat their attacks while spending little money on advertising. Trump has been proven an expert at raising attack lines that have already been settled, but insisting that questions remain. He spent years demanding that President Barack Obama produce his birth certificate, despite myriad evidence that Obama was born in Hawaii, including government records of the president’s birth in Honolulu. For Trump, some of the attacks are targeted at young voters - those in their early 20s and 30s were too young to have been immersed in news about the scandals of the Clinton years.   “You have a whole series of the population who either (a) don’t know anything about it, or (b) weren’t paying attention at the time,” Lewandowski said. A Clinton ally said Trump is simply trying to distract attention from his own liabilities - such as refusing to release his tax returns and his own history of problems with women. “The more he raises these outrageous and outlandish charges,” said U.S. Representative Xavier Becerra, of California, a Democratic leader in the House, “the more he keeps you pedaling in a different direction.” ",0,1,0.9733678138203787,6154,very long (2K+),confident (0.8+),False Positive (Real->Fake)
"OBAMA MAKES STUNNING 11th Hour Gift Of Massive Uranium Shipment To Iran…As Iran Develops Long-Range Missile Plan In what amounts to an 11th hour  gift  by the outgoing Obama administration to Tehran s leadership to keep the country, which on Sunday was involved in yet another shooting incident with a US destroyer, content and compliant with Obama s landmark  Nuclear deal , the AP reported that Iran is to receive a huge shipment of natural uranium from Russia to compensate it for exporting tons of reactor coolant. The move was approved by the outgoing U.S. administration and other governments  seeking to keep Tehran committed to a landmark nuclear pact. AP cites two senior diplomats who said that the transfer which was recently agreed by the U.S. and five other world powers that negotiated the nuclear deal with Iran, foresees delivery of 116 metric tons (nearly 130 tons) of natural uranium. U.N. Security Council approval is needed but a formality, considering five of those powers are permanent Security Council members, they said. The swap is in compensation for the approximately 40 metric tons (44 tons) of heavy water exported by Iran to Russia since the nuclear agreement went into effect. Another 30 metric tons have gone to the U.S. and Oman.While Uranium can be enriched to levels ranging from reactor fuel or medical and research purposes to the core of an atomic bomb, Iran has claimed it has no interest in such weapons and its activities are being closely monitored under the nuclear pact to make sure they remain peaceful. As we reported at the time, Tehran previously received a similar amount of natural uranium in 2015 as part of negotiations leading up to the nuclear deal, in a swap for enriched uranium it sent to Russia. But the new shipment will be the first such consignment since the deal came into force a year ago.The news comes ahead of a meeting in Vienna, where representatives of Iran, the United States, Russia, China, Britain, France and Germany will review Iranian complaints that the U.S. was reneging on sanctions relief pledges included in the nuclear deal.As AP adds,  the uranium agreement comes at a sensitive time. With the incoming U.S. administration and many U.S. lawmakers already skeptical of how effective the nuclear deal is in keeping Iran s nuclear program peaceful over the long term, they might view it as further evidence that Tehran is being given too many concessions. Tehran s nuclear activities start to expire in less than a decade. The troubling part, if only for those who see Iran as hell bent on creating nucleaar weapons was noted by David Albright, whose Institute of Science and International Security often briefs U.S. lawmakers on Iran s nuclear program, says the shipment could be enriched to enough weapons-grade uranium for more than 10 simple nuclear bombs,  depending on the efficiency of the enrichment process and the design of the nuclear weapon. While it remains to be seen if Trump will comment on the unexpected delivery, we are certain that Israel, and especially its embattled prime minister Netanyahu, will raise a substantial fuss over the renewed possibility of a nuclear-armed neighbor. Heavy water is used to cool a type of reactor that produces more plutonium than reactors cooled by light water. Like enriched uranium, plutonium can be turned into the fissile core of a nuclear weaponMeanwhile, Reuters reports that Iranian lawmakers, far from demilitarizing, approved plans on Monday to expand military spending to five percent of the budget, including developing the country s long-range missile program which U.S. President-elect Donald Trump has pledged to halt. The vote is a boost to Iran s military establishment   the regular army, the elite Islamic Revolutionary Guard Corps (IRGC) and defense ministry   which was allocated almost 2 percent of the 2015-16 budget. But it could put the Islamic Republic on a collision course with the incoming Trump administration, and fuel criticism from other Western states which say Tehran s recent ballistic missile tests are inconsistent with a U.N. resolution on Iran. The resolution, adopted last year as part of the deal to curb Iran s nuclear activities, calls on Iran to refrain from work on ballistic missiles designed to deliver nuclear weapons. Tehran says it has not carried out any work on missiles specifically designed to carry such payloads.The Obama administration says Iran s ballistic missile tests have not violated the nuclear agreement with Tehran, but Trump, who criticized the accord as  the worst deal ever negotiated , has said he would stop Iran s missile program. Those ballistic missiles, with a range of 1,250 miles, were designed to intimidate not only Israel   but also intended to frighten Europe and someday maybe hit even the United States,  he told the American Israel Public Affairs Committee AIPAC in March.  We re not going to let that happen. So one hand, we have Obama desperate to salvage his diplomatic legacy (having already seen TPP implode and Obamacare starting the repeal proess), appeasing Iran in every possible way, even if it means further antagonizing Israel; on the other we have Iran taking advantage of Obama s weakness, and accelerating the ballistic weapons program which has been banned per the same treasury that Obama wants to see continue. Finally, throw in Trump and Netanyahu in the mix, and the future for US-Iranian relations after January 20 suddenly looks rather volatile.  Zero Hedge",1,0,0.0930019237004579,5495,very long (2K+),uncertain (<0.4),False Negative (Fake->Real)
"WINNING! GEORGE SOROS Group Gets Black Eye When Hannity Advertiser Comes Back After Allegedly Pulling Ads Over Seth Rich Story The USAA financial services firm is reinstating its advertising on Sean Hannity s Fox News Channel program after receiving heavy criticism for its initial decision from many of the military members and veterans that it serves.The San Antonio, Texas-based company said Tuesday it will also start advertising again on other programs where it had suspended ads, including  Hardball  and  The Rachel Maddow Show  on MSNBC, and Jake Tapper s  The Lead  on CNN.Following Hannity s reporting on (what the AP calls a discredited conspiracy theory) involving the death of a Democratic National Committee staff member, the liberal advocacy group Media Matters last week posted a list of his show s advertisers   and USAA was one of 10 to say it was pulling its commercials. At the time, the USAA said the company s policy was to avoid politically opinionated shows.But many of USAA s customers reacted angrily, and it didn t help when the company s advertising on other opinion shows was pointed out.USAA said it wasn t trying to favor one set of political views over another. We heard concerns from many members who watch and listen to these programs,  USAA said in a statement on Tuesday.  Our goal in advertising has always been to reach members of the military community who would benefit from USAA s well-known commitment to service. Today, the lines between news and editorial are increasingly blurred. The advertising is returning while the company reviews its policy about avoiding the opinion shows.Hannity was due to return to Fox Tuesday following a brief vacation. He had said he would no longer talk about the shooting death of Seth Rich last year following pleas from the man s family, although his network had retracted an online story about Rich because it hadn t met its reporting standards.Brent Bozell, president of the conservative Media Research Center, said he wasn t surprised by USAA s decision,  given the avalanche  of protests. His group was behind mobilizing that backlash, and said its members generated more than 1,600 phone calls to USAA within 48 hours. AP",1,0,0.2655480115766666,2205,very long (2K+),uncertain (<0.4),False Negative (Fake->Real)
"POPE MEETS WITH ANGRY, JEWISH, PR0 LATE-TERM ABORTION, SOCIALIST To Discuss Morality, Phony Climate Change As a Catholic I m offended by this Pope s political meddling in our Presidential election beyond words Pope Francis met U.S. presidential candidate Bernie Sanders in the Vatican on Saturday morning and the two discussed the need for morality in the world economy before the pontiff left for a visit to the Greek island of Lesbos.Columbia University Professor Jeffrey Sachs told Reuters that the meeting took place in the Vatican guesthouse where the pope lives and where Sanders had spent the night after addressing a Vatican conference on social justice.The Vatican had said that a meeting between the two was not planned, and Sanders said he did not expect to meet the pope during his trip. He is a beautiful man,  Sanders said in an interview with ABC News after the meeting.  I am not a Catholic, but there is a radiance that comes from him. Sachs said Sanders, who was accompanied by his wife, spoke with the pope for about five minutes. Sachs, his wife, and Bishop Marcelo Sanchez Sorondo, head of the Pontifical Academy of Social Sciences, were also in the room. I just conveyed to him my admiration for the extraordinary work he is doing raising some of the most important issues facing our planet and the billions of people on the planet and injecting the need for morality in the global economy,  Sanders told ABC.The Democratic hopeful from Vermont has campaigned on a promise to rein in corporate power and level the economic playing field for working and lower-income Americans whom he says have been left behind, a message echoing that of the pope.When Sachs, who has advised the United Nations on climate change, was asked if the meeting could be interpreted as political, he said:  This was absolutely not political. This is a senator who for decades has been speaking about the moral economy. The meeting came just days before Tuesday s Democratic party primary in New York, where polls say he is trailing Hillary Clinton. After he won seven of the last eight state contests, a loss in Sanders  home state would give front-runner Clinton a boost toward the party s presidential nomination.Sanders, the Brooklyn-born son of Polish Jewish immigrants, has said the trip was not a pitch for the Catholic vote but a testament to his admiration for the pontiff. Via: Reuters ",1,0,0.02838551778017377,2393,very long (2K+),uncertain (<0.4),False Negative (Fake->Real)
"The Trump economy in seven charts  WASHINGTON (Reuters) - During his campaign and first months in office, President Donald Trump set a number of explicit economic goals like boosting annual growth in gross domestic product to 3 percent, and promised to expand manufacturing employment and bring sidelined workers back into the labor force.  How is he faring?  The charts included here (tmsnrt.rs/2tpAM41) map where the economy was heading during Barack Obama's last term, and how it has performed since Trump took office in January, 2017.  ",0,1,0.5928263656062509,540,long (500-2K),borderline (0.4-0.6),False Positive (Real->Fake)
"OBAMA’S GAL PAL Loretta Lynch WON’T RECUSE HERSELF From Crooked Hillary’s Criminal Investigation…Despite Private Meeting With Hillary’s IMPEACHED Husband Reasonable Americans expected never expected unbiased justice to be served by Eric Holder in a skirt Friday on MSNBC s  Morning Joe,  Bloomberg Politics Mark Halperin cited a  senior Justice Department official  who said Attorney General Loretta Lynch will not recuse herself from the investigation into presumptive Democratic presidential nominee Hillary Clinton use of a private email while secretary of state. Critics have called on Lynch to do so after holding a private meeting with her husband former President Bill Clinton earlier this week.Halperin also said the source does not anticipate Lynch will admit the meeting was a mistake.JUST IN   @MarkHalperin: Sr. Justice Dept. official   This was the Atty. General's intention all along https://t.co/ws9klpXEeM  Morning Joe (@Morning_Joe) July 1, 2016 This is a senior Justice Department official who is playing down that this is anything new,  Halperin said.  Says this was the attorney general s intention all along to let the career people decide. Quote,  She is not recusing herself. She is not stepping aside and does not expect that the attorney general will say it was a mistake to meet with Bill Clinton privately for 20 or 30 minutes.   BreitbartMeanwhile, the Washington Post reports Attorney General Loretta E. Lynch will support the recommendations from prosecutors and others leading probes into the use of a private email server by Hillary Clinton during her time as secretary of state, a Justice Department official said.Lynch s statement   expected later Friday during a gathering in Colorado   underscores the intense sensitivity surrounding the FBI and Justice investigations into the past use of an exclusive email server by the presumptive Democratic presidential nominee.By promising to abide by the recommendations, Lynch would directly address worries by Clinton critics and others that she   as an Obama administration appointee   could ultimately overrule the investigators.Her expected statement reflects an apparent desire to reinforce a by-the-book approach to the Clinton case, which has already played a dominant role in Republican attacks on the campaign trail.Lynch planned to make the comments later Friday during an appearance with Washington Post editorial writer Jonathan Capehart at the Aspen Ideas Festival in Colorado.",1,0,0.006403557441985853,2468,very long (2K+),uncertain (<0.4),False Negative (Fake->Real)
"WHY DEMOCRATS Can Thank HARRY REID For Replacing Justice Scalia With Neil Gorsuch [VIDEO] In 2013, Senate Majority Leader Harry Reid used the  nuclear option  to call for a vote to change the rules of the Senate with a simple majority. His call won 52-48, with only three Democrats voting in opposition to the rule change that eliminated the ability to filibuster any presidential nominees except the United States Supreme Court.  This is the way it has to be,  Reid said. Former President Barack Obama supported Reid s rule change, citing that Republicans used the filibuster more often than the historical average in order to prevent confirmation of his nominees.Watch Democrats explain why they need the  nuclear option  is necessary:  Senate Minority Leader Mitch McConnell vowed revenge and hoped to recoup a majority in the Senate in the upcoming 2014 elections, which they successfully did. Reid s decision proved to bear short term benefits for Democrats; it set the precedent for McConnell to apply the same option to push through President Donald Trump s nominee to the Supreme Court, Neil Gorsuch.  The ObserverThanks to all of you who encouraged me to consider filibuster reform. It had to be done.  Senator Harry Reid (@SenatorReid) November 21, 2013McConnell recently promised not to kill the filibuster for legislation, though Politico reported he  argued that using the nuclear option to confirm Supreme Court nominee Neil Gorsuch later this week merely restores what had been the custom in the Senate before a war over judicial nominations flared up during the George W. Bush administration.  The nuclear option was averted in 2005 over several of Bush s court picks, but Reid s use of it in 2013 allowed several of Trump s nominees to barely get confirmation in the Senate with a simple majority. Now, Republicans used the power to change the rules again to apply this simple majority rule to the Supreme Court nomination.",1,0,0.010144960130661108,1940,long (500-2K),uncertain (<0.4),False Negative (Fake->Real)
"U.S. top court backs New Jersey cop's political retaliation claim WASHINGTON (Reuters) - The U.S. Supreme Court ruled on Tuesday that a former police detective can sue a New Jersey city claiming he was demoted as punishment after getting a campaign sign for his bedridden mother supporting the mayor’s rival in a 2006 local election. The court, in its 6-2 ruling, found that Jeffrey Heffernan, a now former member of Paterson’s police force, was not in fact exercising his rights to freedom of association under the U.S. Constitution’s First Amendment because he picked up the sign for his mother and not himself. But the justices decided he could sue the city for violating those rights because the boss who demoted him believed, albeit mistakenly, that Heffernan supported the mayor’s opponent. “We conclude that ... the government’s reason for demoting Heffernan is what counts here,” Justice Stephen Breyer wrote for the court. “When an employer demotes an employee out of a desire to prevent the employee from engaging in political activity that the First Amendment protects, the employee is entitled to challenge that unlawful action ... even if, as here, the employer makes a factual mistake about the employee’s behavior.” The high court reversed a 2015 ruling by the Philadelphia-based 3rd U.S. Circuit Court of Appeals dismissing Heffernan’s lawsuit on the grounds that a First Amendment retaliation claim cannot be based on an employer’s perception of a worker’s actions. The day before Heffernan was demoted, an aide to Jose Torres, Paterson’s mayor at the time who was running for re-election, saw Heffernan getting a large campaign sign backing another mayoral candidate. Heffernan said he got the sign while off-duty as a favor for his mother after her previous sign had been stolen from her front yard, and that the sign did not reflect his personal preference in the mayoral election. The next day, the police department demoted him from detective and transferred him to the traffic division’s walking squad, a move he saw as political retaliation. Justice Clarence Thomas wrote the dissenting opinion, arguing that Heffernan should not be able to sue regardless of whether his demotion was misguided or wrong because he had not been exercising his constitutional rights.    ",0,1,0.5206123306759378,2292,very long (2K+),borderline (0.4-0.6),False Positive (Real->Fake)
